Analysis Neighborhood,Incident Year-Month,Number of Crimes
Bayview Hunters Point,2018-01,751
Bayview Hunters Point,2018-02,653
Bayview Hunters Point,2018-03,620
Bayview Hunters Point,2018-04,673
Bayview Hunters Point,2018-05,682
Bayview Hunters Point,2018-06,648
Bayview Hunters Point,2018-07,668
Bayview Hunters Point,2018-08,674
Bayview Hunters Point,2018-09,694
Bayview Hunters Point,2018-10,727
Bayview Hunters Point,2018-11,617
Bayview Hunters Point,2018-12,640
Bayview Hunters Point,2019-01,714
Bayview Hunters Point,2019-02,674
Bayview Hunters Point,2019-03,630
Bayview Hunters Point,2019-04,745
Bayview Hunters Point,2019-05,737
Bayview Hunters Point,2019-06,595
Bayview Hunters Point,2019-07,659
Bayview Hunters Point,2019-08,680
Bayview Hunters Point,2019-09,708
Bayview Hunters Point,2019-10,739
Bayview Hunters Point,2019-11,662
Bayview Hunters Point,2019-12,663
Bayview Hunters Point,2020-01,702
Bayview Hunters Point,2020-02,695
Bayview Hunters Point,2020-03,590
Bayview Hunters Point,2020-04,616
Bayview Hunters Point,2020-05,648
Bayview Hunters Point,2020-06,624
Bayview Hunters Point,2020-07,692
Bayview Hunters Point,2020-08,642
Bayview Hunters Point,2020-09,641
Bayview Hunters Point,2020-10,649
Bayview Hunters Point,2020-11,698
Bayview Hunters Point,2020-12,818
Bayview Hunters Point,2021-01,855
Bayview Hunters Point,2021-02,752
Bayview Hunters Point,2021-03,770
Bayview Hunters Point,2021-04,718
Bayview Hunters Point,2021-05,773
Bayview Hunters Point,2021-06,727
Bayview Hunters Point,2021-07,738
Bayview Hunters Point,2021-08,713
Bayview Hunters Point,2021-09,757
Bayview Hunters Point,2021-10,809
Bayview Hunters Point,2021-11,705
Bayview Hunters Point,2021-12,790
Bayview Hunters Point,2022-01,700
Bayview Hunters Point,2022-02,675
Bayview Hunters Point,2022-03,705
Bayview Hunters Point,2022-04,704
Bayview Hunters Point,2022-05,796
Bayview Hunters Point,2022-06,724
Bayview Hunters Point,2022-07,799
Bayview Hunters Point,2022-08,799
Bayview Hunters Point,2022-09,777
Bayview Hunters Point,2022-10,820
Bayview Hunters Point,2022-11,746
Bayview Hunters Point,2022-12,701
Bernal Heights,2018-01,230
Bernal Heights,2018-02,182
Bernal Heights,2018-03,201
Bernal Heights,2018-04,200
Bernal Heights,2018-05,221
Bernal Heights,2018-06,201
Bernal Heights,2018-07,204
Bernal Heights,2018-08,219
Bernal Heights,2018-09,206
Bernal Heights,2018-10,212
Bernal Heights,2018-11,192
Bernal Heights,2018-12,182
Bernal Heights,2019-01,168
Bernal Heights,2019-02,153
Bernal Heights,2019-03,183
Bernal Heights,2019-04,200
Bernal Heights,2019-05,191
Bernal Heights,2019-06,171
Bernal Heights,2019-07,190
Bernal Heights,2019-08,222
Bernal Heights,2019-09,230
Bernal Heights,2019-10,264
Bernal Heights,2019-11,207
Bernal Heights,2019-12,188
Bernal Heights,2020-01,253
Bernal Heights,2020-02,224
Bernal Heights,2020-03,203
Bernal Heights,2020-04,166
Bernal Heights,2020-05,204
Bernal Heights,2020-06,146
Bernal Heights,2020-07,206
Bernal Heights,2020-08,188
Bernal Heights,2020-09,174
Bernal Heights,2020-10,180
Bernal Heights,2020-11,227
Bernal Heights,2020-12,224
Bernal Heights,2021-01,224
Bernal Heights,2021-02,188
Bernal Heights,2021-03,164
Bernal Heights,2021-04,204
Bernal Heights,2021-05,204
Bernal Heights,2021-06,212
Bernal Heights,2021-07,201
Bernal Heights,2021-08,242
Bernal Heights,2021-09,204
Bernal Heights,2021-10,216
Bernal Heights,2021-11,199
Bernal Heights,2021-12,194
Bernal Heights,2022-01,148
Bernal Heights,2022-02,179
Bernal Heights,2022-03,186
Bernal Heights,2022-04,215
Bernal Heights,2022-05,171
Bernal Heights,2022-06,174
Bernal Heights,2022-07,241
Bernal Heights,2022-08,211
Bernal Heights,2022-09,257
Bernal Heights,2022-10,209
Bernal Heights,2022-11,218
Bernal Heights,2022-12,200
Castro/Upper Market,2018-01,345
Castro/Upper Market,2018-02,287
Castro/Upper Market,2018-03,391
Castro/Upper Market,2018-04,384
Castro/Upper Market,2018-05,423
Castro/Upper Market,2018-06,407
Castro/Upper Market,2018-07,440
Castro/Upper Market,2018-08,419
Castro/Upper Market,2018-09,355
Castro/Upper Market,2018-10,399
Castro/Upper Market,2018-11,295
Castro/Upper Market,2018-12,357
Castro/Upper Market,2019-01,341
Castro/Upper Market,2019-02,302
Castro/Upper Market,2019-03,335
Castro/Upper Market,2019-04,366
Castro/Upper Market,2019-05,319
Castro/Upper Market,2019-06,376
Castro/Upper Market,2019-07,347
Castro/Upper Market,2019-08,355
Castro/Upper Market,2019-09,379
Castro/Upper Market,2019-10,410
Castro/Upper Market,2019-11,333
Castro/Upper Market,2019-12,325
Castro/Upper Market,2020-01,316
Castro/Upper Market,2020-02,286
Castro/Upper Market,2020-03,313
Castro/Upper Market,2020-04,268
Castro/Upper Market,2020-05,304
Castro/Upper Market,2020-06,270
Castro/Upper Market,2020-07,306
Castro/Upper Market,2020-08,305
Castro/Upper Market,2020-09,337
Castro/Upper Market,2020-10,307
Castro/Upper Market,2020-11,329
Castro/Upper Market,2020-12,257
Castro/Upper Market,2021-01,283
Castro/Upper Market,2021-02,299
Castro/Upper Market,2021-03,245
Castro/Upper Market,2021-04,251
Castro/Upper Market,2021-05,286
Castro/Upper Market,2021-06,276
Castro/Upper Market,2021-07,337
Castro/Upper Market,2021-08,299
Castro/Upper Market,2021-09,332
Castro/Upper Market,2021-10,316
Castro/Upper Market,2021-11,452
Castro/Upper Market,2021-12,356
Castro/Upper Market,2022-01,349
Castro/Upper Market,2022-02,285
Castro/Upper Market,2022-03,291
Castro/Upper Market,2022-04,294
Castro/Upper Market,2022-05,240
Castro/Upper Market,2022-06,280
Castro/Upper Market,2022-07,245
Castro/Upper Market,2022-08,246
Castro/Upper Market,2022-09,265
Castro/Upper Market,2022-10,246
Castro/Upper Market,2022-11,245
Castro/Upper Market,2022-12,202
Chinatown,2018-01,255
Chinatown,2018-02,239
Chinatown,2018-03,183
Chinatown,2018-04,220
Chinatown,2018-05,235
Chinatown,2018-06,265
Chinatown,2018-07,275
Chinatown,2018-08,257
Chinatown,2018-09,251
Chinatown,2018-10,242
Chinatown,2018-11,233
Chinatown,2018-12,260
Chinatown,2019-01,225
Chinatown,2019-02,207
Chinatown,2019-03,199
Chinatown,2019-04,195
Chinatown,2019-05,235
Chinatown,2019-06,236
Chinatown,2019-07,297
Chinatown,2019-08,277
Chinatown,2019-09,230
Chinatown,2019-10,249
Chinatown,2019-11,263
Chinatown,2019-12,241
Chinatown,2020-01,251
Chinatown,2020-02,207
Chinatown,2020-03,157
Chinatown,2020-04,145
Chinatown,2020-05,151
Chinatown,2020-06,133
Chinatown,2020-07,146
Chinatown,2020-08,121
Chinatown,2020-09,135
Chinatown,2020-10,164
Chinatown,2020-11,122
Chinatown,2020-12,154
Chinatown,2021-01,135
Chinatown,2021-02,120
Chinatown,2021-03,126
Chinatown,2021-04,143
Chinatown,2021-05,208
Chinatown,2021-06,214
Chinatown,2021-07,217
Chinatown,2021-08,191
Chinatown,2021-09,200
Chinatown,2021-10,202
Chinatown,2021-11,177
Chinatown,2021-12,196
Chinatown,2022-01,145
Chinatown,2022-02,159
Chinatown,2022-03,196
Chinatown,2022-04,162
Chinatown,2022-05,197
Chinatown,2022-06,231
Chinatown,2022-07,203
Chinatown,2022-08,215
Chinatown,2022-09,192
Chinatown,2022-10,194
Chinatown,2022-11,165
Chinatown,2022-12,213
Excelsior,2018-01,217
Excelsior,2018-02,237
Excelsior,2018-03,207
Excelsior,2018-04,198
Excelsior,2018-05,169
Excelsior,2018-06,165
Excelsior,2018-07,217
Excelsior,2018-08,219
Excelsior,2018-09,188
Excelsior,2018-10,177
Excelsior,2018-11,193
Excelsior,2018-12,173
Excelsior,2019-01,176
Excelsior,2019-02,179
Excelsior,2019-03,181
Excelsior,2019-04,192
Excelsior,2019-05,160
Excelsior,2019-06,171
Excelsior,2019-07,181
Excelsior,2019-08,158
Excelsior,2019-09,205
Excelsior,2019-10,179
Excelsior,2019-11,177
Excelsior,2019-12,168
Excelsior,2020-01,160
Excelsior,2020-02,158
Excelsior,2020-03,135
Excelsior,2020-04,139
Excelsior,2020-05,245
Excelsior,2020-06,194
Excelsior,2020-07,219
Excelsior,2020-08,194
Excelsior,2020-09,174
Excelsior,2020-10,190
Excelsior,2020-11,264
Excelsior,2020-12,195
Excelsior,2021-01,207
Excelsior,2021-02,222
Excelsior,2021-03,203
Excelsior,2021-04,199
Excelsior,2021-05,170
Excelsior,2021-06,205
Excelsior,2021-07,155
Excelsior,2021-08,213
Excelsior,2021-09,166
Excelsior,2021-10,161
Excelsior,2021-11,153
Excelsior,2021-12,114
Excelsior,2022-01,172
Excelsior,2022-02,136
Excelsior,2022-03,178
Excelsior,2022-04,131
Excelsior,2022-05,164
Excelsior,2022-06,162
Excelsior,2022-07,183
Excelsior,2022-08,155
Excelsior,2022-09,180
Excelsior,2022-10,202
Excelsior,2022-11,210
Excelsior,2022-12,181
Financial District/South Beach,2018-01,1093
Financial District/South Beach,2018-02,1040
Financial District/South Beach,2018-03,1042
Financial District/South Beach,2018-04,1126
Financial District/South Beach,2018-05,1180
Financial District/South Beach,2018-06,1148
Financial District/South Beach,2018-07,1378
Financial District/South Beach,2018-08,1273
Financial District/South Beach,2018-09,1243
Financial District/South Beach,2018-10,1190
Financial District/South Beach,2018-11,1101
Financial District/South Beach,2018-12,1129
Financial District/South Beach,2019-01,1068
Financial District/South Beach,2019-02,1004
Financial District/South Beach,2019-03,1104
Financial District/South Beach,2019-04,1017
Financial District/South Beach,2019-05,1011
Financial District/South Beach,2019-06,1059
Financial District/South Beach,2019-07,1144
Financial District/South Beach,2019-08,1184
Financial District/South Beach,2019-09,1144
Financial District/South Beach,2019-10,1148
Financial District/South Beach,2019-11,1212
Financial District/South Beach,2019-12,1042
Financial District/South Beach,2020-01,1089
Financial District/South Beach,2020-02,985
Financial District/South Beach,2020-03,656
Financial District/South Beach,2020-04,427
Financial District/South Beach,2020-05,547
Financial District/South Beach,2020-06,474
Financial District/South Beach,2020-07,546
Financial District/South Beach,2020-08,604
Financial District/South Beach,2020-09,534
Financial District/South Beach,2020-10,521
Financial District/South Beach,2020-11,536
Financial District/South Beach,2020-12,519
Financial District/South Beach,2021-01,518
Financial District/South Beach,2021-02,541
Financial District/South Beach,2021-03,592
Financial District/South Beach,2021-04,596
Financial District/South Beach,2021-05,688
Financial District/South Beach,2021-06,672
Financial District/South Beach,2021-07,749
Financial District/South Beach,2021-08,725
Financial District/South Beach,2021-09,1025
Financial District/South Beach,2021-10,1065
Financial District/South Beach,2021-11,1080
Financial District/South Beach,2021-12,822
Financial District/South Beach,2022-01,710
Financial District/South Beach,2022-02,753
Financial District/South Beach,2022-03,813
Financial District/South Beach,2022-04,782
Financial District/South Beach,2022-05,742
Financial District/South Beach,2022-06,863
Financial District/South Beach,2022-07,819
Financial District/South Beach,2022-08,862
Financial District/South Beach,2022-09,812
Financial District/South Beach,2022-10,792
Financial District/South Beach,2022-11,690
Financial District/South Beach,2022-12,757
Glen Park,2018-01,62
Glen Park,2018-02,40
Glen Park,2018-03,49
Glen Park,2018-04,64
Glen Park,2018-05,70
Glen Park,2018-06,40
Glen Park,2018-07,73
Glen Park,2018-08,70
Glen Park,2018-09,60
Glen Park,2018-10,65
Glen Park,2018-11,44
Glen Park,2018-12,78
Glen Park,2019-01,59
Glen Park,2019-02,52
Glen Park,2019-03,54
Glen Park,2019-04,47
Glen Park,2019-05,57
Glen Park,2019-06,49
Glen Park,2019-07,59
Glen Park,2019-08,57
Glen Park,2019-09,60
Glen Park,2019-10,81
Glen Park,2019-11,67
Glen Park,2019-12,76
Glen Park,2020-01,62
Glen Park,2020-02,36
Glen Park,2020-03,50
Glen Park,2020-04,56
Glen Park,2020-05,59
Glen Park,2020-06,68
Glen Park,2020-07,54
Glen Park,2020-08,59
Glen Park,2020-09,53
Glen Park,2020-10,92
Glen Park,2020-11,70
Glen Park,2020-12,69
Glen Park,2021-01,72
Glen Park,2021-02,59
Glen Park,2021-03,53
Glen Park,2021-04,40
Glen Park,2021-05,77
Glen Park,2021-06,71
Glen Park,2021-07,80
Glen Park,2021-08,41
Glen Park,2021-09,55
Glen Park,2021-10,58
Glen Park,2021-11,54
Glen Park,2021-12,68
Glen Park,2022-01,63
Glen Park,2022-02,51
Glen Park,2022-03,72
Glen Park,2022-04,58
Glen Park,2022-05,45
Glen Park,2022-06,46
Glen Park,2022-07,80
Glen Park,2022-08,56
Glen Park,2022-09,79
Glen Park,2022-10,75
Glen Park,2022-11,58
Glen Park,2022-12,74
Golden Gate Park,2018-01,137
Golden Gate Park,2018-02,100
Golden Gate Park,2018-03,94
Golden Gate Park,2018-04,104
Golden Gate Park,2018-05,114
Golden Gate Park,2018-06,124
Golden Gate Park,2018-07,156
Golden Gate Park,2018-08,189
Golden Gate Park,2018-09,169
Golden Gate Park,2018-10,145
Golden Gate Park,2018-11,130
Golden Gate Park,2018-12,155
Golden Gate Park,2019-01,110
Golden Gate Park,2019-02,110
Golden Gate Park,2019-03,120
Golden Gate Park,2019-04,113
Golden Gate Park,2019-05,109
Golden Gate Park,2019-06,93
Golden Gate Park,2019-07,162
Golden Gate Park,2019-08,200
Golden Gate Park,2019-09,123
Golden Gate Park,2019-10,152
Golden Gate Park,2019-11,110
Golden Gate Park,2019-12,104
Golden Gate Park,2020-01,141
Golden Gate Park,2020-02,133
Golden Gate Park,2020-03,66
Golden Gate Park,2020-04,70
Golden Gate Park,2020-05,53
Golden Gate Park,2020-06,73
Golden Gate Park,2020-07,109
Golden Gate Park,2020-08,86
Golden Gate Park,2020-09,84
Golden Gate Park,2020-10,106
Golden Gate Park,2020-11,93
Golden Gate Park,2020-12,80
Golden Gate Park,2021-01,91
Golden Gate Park,2021-02,92
Golden Gate Park,2021-03,88
Golden Gate Park,2021-04,86
Golden Gate Park,2021-05,121
Golden Gate Park,2021-06,151
Golden Gate Park,2021-07,128
Golden Gate Park,2021-08,92
Golden Gate Park,2021-09,116
Golden Gate Park,2021-10,131
Golden Gate Park,2021-11,83
Golden Gate Park,2021-12,101
Golden Gate Park,2022-01,89
Golden Gate Park,2022-02,81
Golden Gate Park,2022-03,98
Golden Gate Park,2022-04,138
Golden Gate Park,2022-05,99
Golden Gate Park,2022-06,93
Golden Gate Park,2022-07,125
Golden Gate Park,2022-08,121
Golden Gate Park,2022-09,107
Golden Gate Park,2022-10,126
Golden Gate Park,2022-11,113
Golden Gate Park,2022-12,121
Haight Ashbury,2018-01,186
Haight Ashbury,2018-02,173
Haight Ashbury,2018-03,291
Haight Ashbury,2018-04,225
Haight Ashbury,2018-05,251
Haight Ashbury,2018-06,178
Haight Ashbury,2018-07,253
Haight Ashbury,2018-08,214
Haight Ashbury,2018-09,159
Haight Ashbury,2018-10,322
Haight Ashbury,2018-11,198
Haight Ashbury,2018-12,187
Haight Ashbury,2019-01,194
Haight Ashbury,2019-02,158
Haight Ashbury,2019-03,201
Haight Ashbury,2019-04,192
Haight Ashbury,2019-05,174
Haight Ashbury,2019-06,167
Haight Ashbury,2019-07,202
Haight Ashbury,2019-08,225
Haight Ashbury,2019-09,203
Haight Ashbury,2019-10,223
Haight Ashbury,2019-11,218
Haight Ashbury,2019-12,197
Haight Ashbury,2020-01,174
Haight Ashbury,2020-02,186
Haight Ashbury,2020-03,158
Haight Ashbury,2020-04,131
Haight Ashbury,2020-05,138
Haight Ashbury,2020-06,136
Haight Ashbury,2020-07,181
Haight Ashbury,2020-08,157
Haight Ashbury,2020-09,199
Haight Ashbury,2020-10,190
Haight Ashbury,2020-11,182
Haight Ashbury,2020-12,155
Haight Ashbury,2021-01,163
Haight Ashbury,2021-02,163
Haight Ashbury,2021-03,130
Haight Ashbury,2021-04,121
Haight Ashbury,2021-05,165
Haight Ashbury,2021-06,212
Haight Ashbury,2021-07,201
Haight Ashbury,2021-08,177
Haight Ashbury,2021-09,208
Haight Ashbury,2021-10,195
Haight Ashbury,2021-11,179
Haight Ashbury,2021-12,160
Haight Ashbury,2022-01,141
Haight Ashbury,2022-02,132
Haight Ashbury,2022-03,114
Haight Ashbury,2022-04,149
Haight Ashbury,2022-05,148
Haight Ashbury,2022-06,125
Haight Ashbury,2022-07,174
Haight Ashbury,2022-08,153
Haight Ashbury,2022-09,188
Haight Ashbury,2022-10,188
Haight Ashbury,2022-11,130
Haight Ashbury,2022-12,155
Hayes Valley,2018-01,375
Hayes Valley,2018-02,260
Hayes Valley,2018-03,249
Hayes Valley,2018-04,290
Hayes Valley,2018-05,311
Hayes Valley,2018-06,329
Hayes Valley,2018-07,331
Hayes Valley,2018-08,321
Hayes Valley,2018-09,300
Hayes Valley,2018-10,330
Hayes Valley,2018-11,288
Hayes Valley,2018-12,250
Hayes Valley,2019-01,274
Hayes Valley,2019-02,260
Hayes Valley,2019-03,295
Hayes Valley,2019-04,382
Hayes Valley,2019-05,321
Hayes Valley,2019-06,317
Hayes Valley,2019-07,360
Hayes Valley,2019-08,417
Hayes Valley,2019-09,417
Hayes Valley,2019-10,438
Hayes Valley,2019-11,285
Hayes Valley,2019-12,340
Hayes Valley,2020-01,318
Hayes Valley,2020-02,342
Hayes Valley,2020-03,258
Hayes Valley,2020-04,242
Hayes Valley,2020-05,272
Hayes Valley,2020-06,324
Hayes Valley,2020-07,273
Hayes Valley,2020-08,279
Hayes Valley,2020-09,296
Hayes Valley,2020-10,244
Hayes Valley,2020-11,213
Hayes Valley,2020-12,244
Hayes Valley,2021-01,275
Hayes Valley,2021-02,203
Hayes Valley,2021-03,268
Hayes Valley,2021-04,227
Hayes Valley,2021-05,289
Hayes Valley,2021-06,292
Hayes Valley,2021-07,300
Hayes Valley,2021-08,297
Hayes Valley,2021-09,283
Hayes Valley,2021-10,283
Hayes Valley,2021-11,314
Hayes Valley,2021-12,251
Hayes Valley,2022-01,256
Hayes Valley,2022-02,218
Hayes Valley,2022-03,253
Hayes Valley,2022-04,235
Hayes Valley,2022-05,242
Hayes Valley,2022-06,291
Hayes Valley,2022-07,338
Hayes Valley,2022-08,282
Hayes Valley,2022-09,318
Hayes Valley,2022-10,322
Hayes Valley,2022-11,288
Hayes Valley,2022-12,284
Inner Richmond,2018-01,185
Inner Richmond,2018-02,140
Inner Richmond,2018-03,148
Inner Richmond,2018-04,191
Inner Richmond,2018-05,140
Inner Richmond,2018-06,153
Inner Richmond,2018-07,167
Inner Richmond,2018-08,148
Inner Richmond,2018-09,156
Inner Richmond,2018-10,155
Inner Richmond,2018-11,160
Inner Richmond,2018-12,151
Inner Richmond,2019-01,185
Inner Richmond,2019-02,157
Inner Richmond,2019-03,140
Inner Richmond,2019-04,156
Inner Richmond,2019-05,126
Inner Richmond,2019-06,179
Inner Richmond,2019-07,151
Inner Richmond,2019-08,145
Inner Richmond,2019-09,175
Inner Richmond,2019-10,160
Inner Richmond,2019-11,157
Inner Richmond,2019-12,183
Inner Richmond,2020-01,172
Inner Richmond,2020-02,110
Inner Richmond,2020-03,104
Inner Richmond,2020-04,84
Inner Richmond,2020-05,148
Inner Richmond,2020-06,132
Inner Richmond,2020-07,125
Inner Richmond,2020-08,131
Inner Richmond,2020-09,126
Inner Richmond,2020-10,145
Inner Richmond,2020-11,120
Inner Richmond,2020-12,177
Inner Richmond,2021-01,138
Inner Richmond,2021-02,123
Inner Richmond,2021-03,149
Inner Richmond,2021-04,134
Inner Richmond,2021-05,171
Inner Richmond,2021-06,140
Inner Richmond,2021-07,165
Inner Richmond,2021-08,132
Inner Richmond,2021-09,141
Inner Richmond,2021-10,136
Inner Richmond,2021-11,119
Inner Richmond,2021-12,138
Inner Richmond,2022-01,131
Inner Richmond,2022-02,142
Inner Richmond,2022-03,146
Inner Richmond,2022-04,147
Inner Richmond,2022-05,148
Inner Richmond,2022-06,123
Inner Richmond,2022-07,132
Inner Richmond,2022-08,120
Inner Richmond,2022-09,138
Inner Richmond,2022-10,157
Inner Richmond,2022-11,133
Inner Richmond,2022-12,176
Inner Sunset,2018-01,144
Inner Sunset,2018-02,118
Inner Sunset,2018-03,131
Inner Sunset,2018-04,124
Inner Sunset,2018-05,124
Inner Sunset,2018-06,141
Inner Sunset,2018-07,150
Inner Sunset,2018-08,149
Inner Sunset,2018-09,149
Inner Sunset,2018-10,137
Inner Sunset,2018-11,142
Inner Sunset,2018-12,130
Inner Sunset,2019-01,123
Inner Sunset,2019-02,125
Inner Sunset,2019-03,121
Inner Sunset,2019-04,119
Inner Sunset,2019-05,120
Inner Sunset,2019-06,151
Inner Sunset,2019-07,161
Inner Sunset,2019-08,176
Inner Sunset,2019-09,129
Inner Sunset,2019-10,175
Inner Sunset,2019-11,142
Inner Sunset,2019-12,196
Inner Sunset,2020-01,136
Inner Sunset,2020-02,140
Inner Sunset,2020-03,129
Inner Sunset,2020-04,95
Inner Sunset,2020-05,94
Inner Sunset,2020-06,114
Inner Sunset,2020-07,152
Inner Sunset,2020-08,137
Inner Sunset,2020-09,107
Inner Sunset,2020-10,150
Inner Sunset,2020-11,147
Inner Sunset,2020-12,162
Inner Sunset,2021-01,131
Inner Sunset,2021-02,133
Inner Sunset,2021-03,122
Inner Sunset,2021-04,154
Inner Sunset,2021-05,139
Inner Sunset,2021-06,201
Inner Sunset,2021-07,145
Inner Sunset,2021-08,126
Inner Sunset,2021-09,145
Inner Sunset,2021-10,150
Inner Sunset,2021-11,151
Inner Sunset,2021-12,130
Inner Sunset,2022-01,139
Inner Sunset,2022-02,115
Inner Sunset,2022-03,133
Inner Sunset,2022-04,156
Inner Sunset,2022-05,117
Inner Sunset,2022-06,131
Inner Sunset,2022-07,118
Inner Sunset,2022-08,113
Inner Sunset,2022-09,126
Inner Sunset,2022-10,144
Inner Sunset,2022-11,131
Inner Sunset,2022-12,146
Japantown,2018-01,154
Japantown,2018-02,97
Japantown,2018-03,128
Japantown,2018-04,112
Japantown,2018-05,106
Japantown,2018-06,101
Japantown,2018-07,133
Japantown,2018-08,176
Japantown,2018-09,123
Japantown,2018-10,107
Japantown,2018-11,110
Japantown,2018-12,135
Japantown,2019-01,104
Japantown,2019-02,104
Japantown,2019-03,141
Japantown,2019-04,119
Japantown,2019-05,144
Japantown,2019-06,137
Japantown,2019-07,127
Japantown,2019-08,146
Japantown,2019-09,136
Japantown,2019-10,186
Japantown,2019-11,128
Japantown,2019-12,152
Japantown,2020-01,142
Japantown,2020-02,102
Japantown,2020-03,69
Japantown,2020-04,47
Japantown,2020-05,55
Japantown,2020-06,48
Japantown,2020-07,59
Japantown,2020-08,63
Japantown,2020-09,51
Japantown,2020-10,71
Japantown,2020-11,77
Japantown,2020-12,74
Japantown,2021-01,56
Japantown,2021-02,55
Japantown,2021-03,78
Japantown,2021-04,87
Japantown,2021-05,116
Japantown,2021-06,82
Japantown,2021-07,84
Japantown,2021-08,129
Japantown,2021-09,100
Japantown,2021-10,183
Japantown,2021-11,141
Japantown,2021-12,133
Japantown,2022-01,147
Japantown,2022-02,123
Japantown,2022-03,165
Japantown,2022-04,101
Japantown,2022-05,110
Japantown,2022-06,132
Japantown,2022-07,124
Japantown,2022-08,117
Japantown,2022-09,137
Japantown,2022-10,180
Japantown,2022-11,154
Japantown,2022-12,156
Lakeshore,2018-01,140
Lakeshore,2018-02,154
Lakeshore,2018-03,156
Lakeshore,2018-04,123
Lakeshore,2018-05,126
Lakeshore,2018-06,114
Lakeshore,2018-07,113
Lakeshore,2018-08,147
Lakeshore,2018-09,129
Lakeshore,2018-10,132
Lakeshore,2018-11,149
Lakeshore,2018-12,169
Lakeshore,2019-01,142
Lakeshore,2019-02,151
Lakeshore,2019-03,137
Lakeshore,2019-04,144
Lakeshore,2019-05,143
Lakeshore,2019-06,131
Lakeshore,2019-07,167
Lakeshore,2019-08,175
Lakeshore,2019-09,153
Lakeshore,2019-10,160
Lakeshore,2019-11,173
Lakeshore,2019-12,147
Lakeshore,2020-01,143
Lakeshore,2020-02,106
Lakeshore,2020-03,93
Lakeshore,2020-04,81
Lakeshore,2020-05,85
Lakeshore,2020-06,113
Lakeshore,2020-07,98
Lakeshore,2020-08,92
Lakeshore,2020-09,94
Lakeshore,2020-10,92
Lakeshore,2020-11,114
Lakeshore,2020-12,115
Lakeshore,2021-01,115
Lakeshore,2021-02,95
Lakeshore,2021-03,77
Lakeshore,2021-04,102
Lakeshore,2021-05,99
Lakeshore,2021-06,119
Lakeshore,2021-07,115
Lakeshore,2021-08,125
Lakeshore,2021-09,196
Lakeshore,2021-10,142
Lakeshore,2021-11,173
Lakeshore,2021-12,202
Lakeshore,2022-01,185
Lakeshore,2022-02,181
Lakeshore,2022-03,176
Lakeshore,2022-04,164
Lakeshore,2022-05,159
Lakeshore,2022-06,169
Lakeshore,2022-07,168
Lakeshore,2022-08,142
Lakeshore,2022-09,146
Lakeshore,2022-10,117
Lakeshore,2022-11,123
Lakeshore,2022-12,167
Lincoln Park,2018-01,14
Lincoln Park,2018-02,2
Lincoln Park,2018-03,8
Lincoln Park,2018-04,8
Lincoln Park,2018-05,6
Lincoln Park,2018-06,9
Lincoln Park,2018-07,18
Lincoln Park,2018-08,22
Lincoln Park,2018-09,9
Lincoln Park,2018-10,7
Lincoln Park,2018-11,23
Lincoln Park,2018-12,18
Lincoln Park,2019-01,10
Lincoln Park,2019-02,18
Lincoln Park,2019-03,5
Lincoln Park,2019-04,15
Lincoln Park,2019-05,15
Lincoln Park,2019-06,26
Lincoln Park,2019-07,18
Lincoln Park,2019-08,14
Lincoln Park,2019-09,15
Lincoln Park,2019-10,16
Lincoln Park,2019-11,19
Lincoln Park,2019-12,28
Lincoln Park,2020-01,31
Lincoln Park,2020-02,23
Lincoln Park,2020-03,8
Lincoln Park,2020-04,3
Lincoln Park,2020-05,7
Lincoln Park,2020-06,11
Lincoln Park,2020-07,10
Lincoln Park,2020-08,15
Lincoln Park,2020-09,15
Lincoln Park,2020-10,17
Lincoln Park,2020-11,20
Lincoln Park,2020-12,18
Lincoln Park,2021-01,25
Lincoln Park,2021-02,25
Lincoln Park,2021-03,17
Lincoln Park,2021-04,25
Lincoln Park,2021-05,26
Lincoln Park,2021-06,36
Lincoln Park,2021-07,24
Lincoln Park,2021-08,13
Lincoln Park,2021-09,18
Lincoln Park,2021-10,36
Lincoln Park,2021-11,25
Lincoln Park,2021-12,26
Lincoln Park,2022-01,22
Lincoln Park,2022-02,12
Lincoln Park,2022-03,26
Lincoln Park,2022-04,23
Lincoln Park,2022-05,11
Lincoln Park,2022-06,15
Lincoln Park,2022-07,12
Lincoln Park,2022-08,18
Lincoln Park,2022-09,5
Lincoln Park,2022-10,10
Lincoln Park,2022-11,23
Lincoln Park,2022-12,22
Lone Mountain/USF,2018-01,144
Lone Mountain/USF,2018-02,141
Lone Mountain/USF,2018-03,166
Lone Mountain/USF,2018-04,163
Lone Mountain/USF,2018-05,150
Lone Mountain/USF,2018-06,127
Lone Mountain/USF,2018-07,145
Lone Mountain/USF,2018-08,134
Lone Mountain/USF,2018-09,150
Lone Mountain/USF,2018-10,181
Lone Mountain/USF,2018-11,115
Lone Mountain/USF,2018-12,155
Lone Mountain/USF,2019-01,123
Lone Mountain/USF,2019-02,132
Lone Mountain/USF,2019-03,113
Lone Mountain/USF,2019-04,113
Lone Mountain/USF,2019-05,137
Lone Mountain/USF,2019-06,122
Lone Mountain/USF,2019-07,156
Lone Mountain/USF,2019-08,167
Lone Mountain/USF,2019-09,143
Lone Mountain/USF,2019-10,153
Lone Mountain/USF,2019-11,128
Lone Mountain/USF,2019-12,165
Lone Mountain/USF,2020-01,169
Lone Mountain/USF,2020-02,132
Lone Mountain/USF,2020-03,129
Lone Mountain/USF,2020-04,94
Lone Mountain/USF,2020-05,99
Lone Mountain/USF,2020-06,146
Lone Mountain/USF,2020-07,152
Lone Mountain/USF,2020-08,122
Lone Mountain/USF,2020-09,143
Lone Mountain/USF,2020-10,112
Lone Mountain/USF,2020-11,138
Lone Mountain/USF,2020-12,147
Lone Mountain/USF,2021-01,126
Lone Mountain/USF,2021-02,140
Lone Mountain/USF,2021-03,133
Lone Mountain/USF,2021-04,90
Lone Mountain/USF,2021-05,99
Lone Mountain/USF,2021-06,125
Lone Mountain/USF,2021-07,118
Lone Mountain/USF,2021-08,125
Lone Mountain/USF,2021-09,91
Lone Mountain/USF,2021-10,99
Lone Mountain/USF,2021-11,130
Lone Mountain/USF,2021-12,125
Lone Mountain/USF,2022-01,109
Lone Mountain/USF,2022-02,107
Lone Mountain/USF,2022-03,128
Lone Mountain/USF,2022-04,130
Lone Mountain/USF,2022-05,120
Lone Mountain/USF,2022-06,123
Lone Mountain/USF,2022-07,135
Lone Mountain/USF,2022-08,119
Lone Mountain/USF,2022-09,142
Lone Mountain/USF,2022-10,126
Lone Mountain/USF,2022-11,98
Lone Mountain/USF,2022-12,95
Marina,2018-01,269
Marina,2018-02,252
Marina,2018-03,271
Marina,2018-04,219
Marina,2018-05,219
Marina,2018-06,263
Marina,2018-07,271
Marina,2018-08,257
Marina,2018-09,277
Marina,2018-10,279
Marina,2018-11,222
Marina,2018-12,288
Marina,2019-01,284
Marina,2019-02,262
Marina,2019-03,229
Marina,2019-04,281
Marina,2019-05,268
Marina,2019-06,323
Marina,2019-07,309
Marina,2019-08,364
Marina,2019-09,312
Marina,2019-10,391
Marina,2019-11,329
Marina,2019-12,374
Marina,2020-01,350
Marina,2020-02,261
Marina,2020-03,212
Marina,2020-04,216
Marina,2020-05,283
Marina,2020-06,249
Marina,2020-07,320
Marina,2020-08,340
Marina,2020-09,316
Marina,2020-10,261
Marina,2020-11,355
Marina,2020-12,352
Marina,2021-01,384
Marina,2021-02,290
Marina,2021-03,328
Marina,2021-04,351
Marina,2021-05,397
Marina,2021-06,400
Marina,2021-07,364
Marina,2021-08,319
Marina,2021-09,394
Marina,2021-10,383
Marina,2021-11,324
Marina,2021-12,311
Marina,2022-01,313
Marina,2022-02,325
Marina,2022-03,351
Marina,2022-04,306
Marina,2022-05,296
Marina,2022-06,262
Marina,2022-07,364
Marina,2022-08,345
Marina,2022-09,338
Marina,2022-10,312
Marina,2022-11,267
Marina,2022-12,302
McLaren Park,2018-01,9
McLaren Park,2018-02,8
McLaren Park,2018-03,8
McLaren Park,2018-04,19
McLaren Park,2018-05,10
McLaren Park,2018-06,7
McLaren Park,2018-07,7
McLaren Park,2018-08,10
McLaren Park,2018-09,12
McLaren Park,2018-10,6
McLaren Park,2018-11,10
McLaren Park,2018-12,12
McLaren Park,2019-01,12
McLaren Park,2019-02,12
McLaren Park,2019-03,17
McLaren Park,2019-04,12
McLaren Park,2019-05,19
McLaren Park,2019-06,8
McLaren Park,2019-07,4
McLaren Park,2019-08,15
McLaren Park,2019-09,12
McLaren Park,2019-10,18
McLaren Park,2019-11,17
McLaren Park,2019-12,17
McLaren Park,2020-01,9
McLaren Park,2020-02,15
McLaren Park,2020-03,7
McLaren Park,2020-04,11
McLaren Park,2020-05,16
McLaren Park,2020-06,11
McLaren Park,2020-07,7
McLaren Park,2020-08,15
McLaren Park,2020-09,17
McLaren Park,2020-10,14
McLaren Park,2020-11,12
McLaren Park,2020-12,19
McLaren Park,2021-01,18
McLaren Park,2021-02,7
McLaren Park,2021-03,16
McLaren Park,2021-04,12
McLaren Park,2021-05,17
McLaren Park,2021-06,9
McLaren Park,2021-07,11
McLaren Park,2021-08,25
McLaren Park,2021-09,11
McLaren Park,2021-10,21
McLaren Park,2021-11,13
McLaren Park,2021-12,12
McLaren Park,2022-01,16
McLaren Park,2022-02,14
McLaren Park,2022-03,13
McLaren Park,2022-04,10
McLaren Park,2022-05,13
McLaren Park,2022-06,15
McLaren Park,2022-07,15
McLaren Park,2022-08,19
McLaren Park,2022-09,9
McLaren Park,2022-10,21
McLaren Park,2022-11,18
McLaren Park,2022-12,15
Mission,2018-01,1390
Mission,2018-02,1406
Mission,2018-03,1485
Mission,2018-04,1447
Mission,2018-05,1642
Mission,2018-06,1448
Mission,2018-07,1553
Mission,2018-08,1635
Mission,2018-09,1474
Mission,2018-10,1380
Mission,2018-11,1392
Mission,2018-12,1258
Mission,2019-01,1274
Mission,2019-02,1071
Mission,2019-03,1251
Mission,2019-04,1189
Mission,2019-05,1302
Mission,2019-06,1248
Mission,2019-07,1376
Mission,2019-08,1445
Mission,2019-09,1391
Mission,2019-10,1431
Mission,2019-11,1245
Mission,2019-12,1186
Mission,2020-01,1249
Mission,2020-02,1302
Mission,2020-03,1056
Mission,2020-04,870
Mission,2020-05,885
Mission,2020-06,847
Mission,2020-07,874
Mission,2020-08,899
Mission,2020-09,853
Mission,2020-10,837
Mission,2020-11,847
Mission,2020-12,846
Mission,2021-01,923
Mission,2021-02,861
Mission,2021-03,905
Mission,2021-04,824
Mission,2021-05,936
Mission,2021-06,984
Mission,2021-07,1038
Mission,2021-08,1136
Mission,2021-09,986
Mission,2021-10,1112
Mission,2021-11,1113
Mission,2021-12,1112
Mission,2022-01,1043
Mission,2022-02,917
Mission,2022-03,1030
Mission,2022-04,1016
Mission,2022-05,1069
Mission,2022-06,1080
Mission,2022-07,1050
Mission,2022-08,1132
Mission,2022-09,1135
Mission,2022-10,1162
Mission,2022-11,1016
Mission,2022-12,985
Mission Bay,2018-01,257
Mission Bay,2018-02,197
Mission Bay,2018-03,237
Mission Bay,2018-04,236
Mission Bay,2018-05,196
Mission Bay,2018-06,210
Mission Bay,2018-07,258
Mission Bay,2018-08,214
Mission Bay,2018-09,244
Mission Bay,2018-10,212
Mission Bay,2018-11,193
Mission Bay,2018-12,199
Mission Bay,2019-01,245
Mission Bay,2019-02,138
Mission Bay,2019-03,180
Mission Bay,2019-04,165
Mission Bay,2019-05,176
Mission Bay,2019-06,191
Mission Bay,2019-07,208
Mission Bay,2019-08,209
Mission Bay,2019-09,190
Mission Bay,2019-10,205
Mission Bay,2019-11,217
Mission Bay,2019-12,175
Mission Bay,2020-01,188
Mission Bay,2020-02,197
Mission Bay,2020-03,165
Mission Bay,2020-04,131
Mission Bay,2020-05,155
Mission Bay,2020-06,167
Mission Bay,2020-07,201
Mission Bay,2020-08,185
Mission Bay,2020-09,177
Mission Bay,2020-10,218
Mission Bay,2020-11,177
Mission Bay,2020-12,219
Mission Bay,2021-01,257
Mission Bay,2021-02,202
Mission Bay,2021-03,173
Mission Bay,2021-04,171
Mission Bay,2021-05,227
Mission Bay,2021-06,209
Mission Bay,2021-07,182
Mission Bay,2021-08,200
Mission Bay,2021-09,214
Mission Bay,2021-10,228
Mission Bay,2021-11,199
Mission Bay,2021-12,193
Mission Bay,2022-01,172
Mission Bay,2022-02,196
Mission Bay,2022-03,179
Mission Bay,2022-04,204
Mission Bay,2022-05,182
Mission Bay,2022-06,207
Mission Bay,2022-07,190
Mission Bay,2022-08,162
Mission Bay,2022-09,190
Mission Bay,2022-10,154
Mission Bay,2022-11,157
Mission Bay,2022-12,156
Nob Hill,2018-01,332
Nob Hill,2018-02,281
Nob Hill,2018-03,310
Nob Hill,2018-04,345
Nob Hill,2018-05,284
Nob Hill,2018-06,321
Nob Hill,2018-07,376
Nob Hill,2018-08,357
Nob Hill,2018-09,309
Nob Hill,2018-10,306
Nob Hill,2018-11,318
Nob Hill,2018-12,362
Nob Hill,2019-01,336
Nob Hill,2019-02,307
Nob Hill,2019-03,343
Nob Hill,2019-04,345
Nob Hill,2019-05,348
Nob Hill,2019-06,358
Nob Hill,2019-07,432
Nob Hill,2019-08,356
Nob Hill,2019-09,366
Nob Hill,2019-10,393
Nob Hill,2019-11,326
Nob Hill,2019-12,332
Nob Hill,2020-01,378
Nob Hill,2020-02,304
Nob Hill,2020-03,295
Nob Hill,2020-04,306
Nob Hill,2020-05,341
Nob Hill,2020-06,237
Nob Hill,2020-07,254
Nob Hill,2020-08,229
Nob Hill,2020-09,266
Nob Hill,2020-10,300
Nob Hill,2020-11,263
Nob Hill,2020-12,245
Nob Hill,2021-01,330
Nob Hill,2021-02,214
Nob Hill,2021-03,304
Nob Hill,2021-04,279
Nob Hill,2021-05,260
Nob Hill,2021-06,254
Nob Hill,2021-07,295
Nob Hill,2021-08,305
Nob Hill,2021-09,290
Nob Hill,2021-10,364
Nob Hill,2021-11,306
Nob Hill,2021-12,304
Nob Hill,2022-01,311
Nob Hill,2022-02,259
Nob Hill,2022-03,300
Nob Hill,2022-04,262
Nob Hill,2022-05,284
Nob Hill,2022-06,316
Nob Hill,2022-07,269
Nob Hill,2022-08,313
Nob Hill,2022-09,326
Nob Hill,2022-10,333
Nob Hill,2022-11,263
Nob Hill,2022-12,295
Noe Valley,2018-01,111
Noe Valley,2018-02,95
Noe Valley,2018-03,84
Noe Valley,2018-04,107
Noe Valley,2018-05,102
Noe Valley,2018-06,105
Noe Valley,2018-07,117
Noe Valley,2018-08,145
Noe Valley,2018-09,112
Noe Valley,2018-10,92
Noe Valley,2018-11,93
Noe Valley,2018-12,127
Noe Valley,2019-01,90
Noe Valley,2019-02,100
Noe Valley,2019-03,133
Noe Valley,2019-04,96
Noe Valley,2019-05,113
Noe Valley,2019-06,99
Noe Valley,2019-07,117
Noe Valley,2019-08,122
Noe Valley,2019-09,123
Noe Valley,2019-10,79
Noe Valley,2019-11,142
Noe Valley,2019-12,112
Noe Valley,2020-01,117
Noe Valley,2020-02,114
Noe Valley,2020-03,87
Noe Valley,2020-04,130
Noe Valley,2020-05,117
Noe Valley,2020-06,121
Noe Valley,2020-07,118
Noe Valley,2020-08,101
Noe Valley,2020-09,86
Noe Valley,2020-10,127
Noe Valley,2020-11,121
Noe Valley,2020-12,174
Noe Valley,2021-01,151
Noe Valley,2021-02,151
Noe Valley,2021-03,124
Noe Valley,2021-04,91
Noe Valley,2021-05,135
Noe Valley,2021-06,133
Noe Valley,2021-07,157
Noe Valley,2021-08,128
Noe Valley,2021-09,122
Noe Valley,2021-10,111
Noe Valley,2021-11,122
Noe Valley,2021-12,137
Noe Valley,2022-01,150
Noe Valley,2022-02,100
Noe Valley,2022-03,105
Noe Valley,2022-04,121
Noe Valley,2022-05,106
Noe Valley,2022-06,113
Noe Valley,2022-07,140
Noe Valley,2022-08,123
Noe Valley,2022-09,118
Noe Valley,2022-10,152
Noe Valley,2022-11,133
Noe Valley,2022-12,111
North Beach,2018-01,397
North Beach,2018-02,350
North Beach,2018-03,412
North Beach,2018-04,340
North Beach,2018-05,362
North Beach,2018-06,431
North Beach,2018-07,529
North Beach,2018-08,535
North Beach,2018-09,471
North Beach,2018-10,456
North Beach,2018-11,405
North Beach,2018-12,370
North Beach,2019-01,308
North Beach,2019-02,305
North Beach,2019-03,286
North Beach,2019-04,288
North Beach,2019-05,365
North Beach,2019-06,394
North Beach,2019-07,476
North Beach,2019-08,401
North Beach,2019-09,318
North Beach,2019-10,514
North Beach,2019-11,292
North Beach,2019-12,343
North Beach,2020-01,321
North Beach,2020-02,248
North Beach,2020-03,197
North Beach,2020-04,119
North Beach,2020-05,134
North Beach,2020-06,145
North Beach,2020-07,202
North Beach,2020-08,276
North Beach,2020-09,163
North Beach,2020-10,275
North Beach,2020-11,276
North Beach,2020-12,228
North Beach,2021-01,243
North Beach,2021-02,235
North Beach,2021-03,273
North Beach,2021-04,331
North Beach,2021-05,574
North Beach,2021-06,542
North Beach,2021-07,463
North Beach,2021-08,387
North Beach,2021-09,408
North Beach,2021-10,558
North Beach,2021-11,516
North Beach,2021-12,391
North Beach,2022-01,332
North Beach,2022-02,347
North Beach,2022-03,392
North Beach,2022-04,286
North Beach,2022-05,317
North Beach,2022-06,382
North Beach,2022-07,442
North Beach,2022-08,444
North Beach,2022-09,634
North Beach,2022-10,457
North Beach,2022-11,409
North Beach,2022-12,436
Oceanview/Merced/Ingleside,2018-01,161
Oceanview/Merced/Ingleside,2018-02,106
Oceanview/Merced/Ingleside,2018-03,139
Oceanview/Merced/Ingleside,2018-04,125
Oceanview/Merced/Ingleside,2018-05,118
Oceanview/Merced/Ingleside,2018-06,133
Oceanview/Merced/Ingleside,2018-07,133
Oceanview/Merced/Ingleside,2018-08,123
Oceanview/Merced/Ingleside,2018-09,149
Oceanview/Merced/Ingleside,2018-10,145
Oceanview/Merced/Ingleside,2018-11,129
Oceanview/Merced/Ingleside,2018-12,121
Oceanview/Merced/Ingleside,2019-01,127
Oceanview/Merced/Ingleside,2019-02,116
Oceanview/Merced/Ingleside,2019-03,83
Oceanview/Merced/Ingleside,2019-04,115
Oceanview/Merced/Ingleside,2019-05,92
Oceanview/Merced/Ingleside,2019-06,118
Oceanview/Merced/Ingleside,2019-07,105
Oceanview/Merced/Ingleside,2019-08,128
Oceanview/Merced/Ingleside,2019-09,133
Oceanview/Merced/Ingleside,2019-10,118
Oceanview/Merced/Ingleside,2019-11,95
Oceanview/Merced/Ingleside,2019-12,133
Oceanview/Merced/Ingleside,2020-01,107
Oceanview/Merced/Ingleside,2020-02,83
Oceanview/Merced/Ingleside,2020-03,73
Oceanview/Merced/Ingleside,2020-04,73
Oceanview/Merced/Ingleside,2020-05,104
Oceanview/Merced/Ingleside,2020-06,113
Oceanview/Merced/Ingleside,2020-07,118
Oceanview/Merced/Ingleside,2020-08,122
Oceanview/Merced/Ingleside,2020-09,98
Oceanview/Merced/Ingleside,2020-10,100
Oceanview/Merced/Ingleside,2020-11,115
Oceanview/Merced/Ingleside,2020-12,98
Oceanview/Merced/Ingleside,2021-01,145
Oceanview/Merced/Ingleside,2021-02,84
Oceanview/Merced/Ingleside,2021-03,113
Oceanview/Merced/Ingleside,2021-04,126
Oceanview/Merced/Ingleside,2021-05,100
Oceanview/Merced/Ingleside,2021-06,141
Oceanview/Merced/Ingleside,2021-07,136
Oceanview/Merced/Ingleside,2021-08,126
Oceanview/Merced/Ingleside,2021-09,113
Oceanview/Merced/Ingleside,2021-10,123
Oceanview/Merced/Ingleside,2021-11,116
Oceanview/Merced/Ingleside,2021-12,111
Oceanview/Merced/Ingleside,2022-01,136
Oceanview/Merced/Ingleside,2022-02,120
Oceanview/Merced/Ingleside,2022-03,118
Oceanview/Merced/Ingleside,2022-04,113
Oceanview/Merced/Ingleside,2022-05,89
Oceanview/Merced/Ingleside,2022-06,106
Oceanview/Merced/Ingleside,2022-07,148
Oceanview/Merced/Ingleside,2022-08,132
Oceanview/Merced/Ingleside,2022-09,108
Oceanview/Merced/Ingleside,2022-10,109
Oceanview/Merced/Ingleside,2022-11,121
Oceanview/Merced/Ingleside,2022-12,139
Outer Mission,2018-01,190
Outer Mission,2018-02,162
Outer Mission,2018-03,140
Outer Mission,2018-04,136
Outer Mission,2018-05,171
Outer Mission,2018-06,124
Outer Mission,2018-07,201
Outer Mission,2018-08,186
Outer Mission,2018-09,183
Outer Mission,2018-10,162
Outer Mission,2018-11,126
Outer Mission,2018-12,182
Outer Mission,2019-01,144
Outer Mission,2019-02,146
Outer Mission,2019-03,166
Outer Mission,2019-04,170
Outer Mission,2019-05,169
Outer Mission,2019-06,140
Outer Mission,2019-07,163
Outer Mission,2019-08,161
Outer Mission,2019-09,179
Outer Mission,2019-10,183
Outer Mission,2019-11,145
Outer Mission,2019-12,156
Outer Mission,2020-01,131
Outer Mission,2020-02,145
Outer Mission,2020-03,137
Outer Mission,2020-04,119
Outer Mission,2020-05,166
Outer Mission,2020-06,153
Outer Mission,2020-07,183
Outer Mission,2020-08,128
Outer Mission,2020-09,151
Outer Mission,2020-10,153
Outer Mission,2020-11,139
Outer Mission,2020-12,201
Outer Mission,2021-01,174
Outer Mission,2021-02,172
Outer Mission,2021-03,137
Outer Mission,2021-04,118
Outer Mission,2021-05,160
Outer Mission,2021-06,166
Outer Mission,2021-07,158
Outer Mission,2021-08,173
Outer Mission,2021-09,161
Outer Mission,2021-10,157
Outer Mission,2021-11,180
Outer Mission,2021-12,135
Outer Mission,2022-01,137
Outer Mission,2022-02,110
Outer Mission,2022-03,145
Outer Mission,2022-04,125
Outer Mission,2022-05,138
Outer Mission,2022-06,104
Outer Mission,2022-07,144
Outer Mission,2022-08,173
Outer Mission,2022-09,183
Outer Mission,2022-10,151
Outer Mission,2022-11,187
Outer Mission,2022-12,168
Outer Richmond,2018-01,285
Outer Richmond,2018-02,216
Outer Richmond,2018-03,232
Outer Richmond,2018-04,235
Outer Richmond,2018-05,259
Outer Richmond,2018-06,224
Outer Richmond,2018-07,245
Outer Richmond,2018-08,260
Outer Richmond,2018-09,213
Outer Richmond,2018-10,251
Outer Richmond,2018-11,221
Outer Richmond,2018-12,253
Outer Richmond,2019-01,289
Outer Richmond,2019-02,214
Outer Richmond,2019-03,222
Outer Richmond,2019-04,223
Outer Richmond,2019-05,249
Outer Richmond,2019-06,250
Outer Richmond,2019-07,271
Outer Richmond,2019-08,325
Outer Richmond,2019-09,284
Outer Richmond,2019-10,412
Outer Richmond,2019-11,276
Outer Richmond,2019-12,297
Outer Richmond,2020-01,309
Outer Richmond,2020-02,229
Outer Richmond,2020-03,219
Outer Richmond,2020-04,180
Outer Richmond,2020-05,219
Outer Richmond,2020-06,211
Outer Richmond,2020-07,268
Outer Richmond,2020-08,243
Outer Richmond,2020-09,244
Outer Richmond,2020-10,248
Outer Richmond,2020-11,240
Outer Richmond,2020-12,221
Outer Richmond,2021-01,258
Outer Richmond,2021-02,237
Outer Richmond,2021-03,212
Outer Richmond,2021-04,180
Outer Richmond,2021-05,252
Outer Richmond,2021-06,324
Outer Richmond,2021-07,262
Outer Richmond,2021-08,228
Outer Richmond,2021-09,271
Outer Richmond,2021-10,279
Outer Richmond,2021-11,226
Outer Richmond,2021-12,215
Outer Richmond,2022-01,247
Outer Richmond,2022-02,201
Outer Richmond,2022-03,260
Outer Richmond,2022-04,273
Outer Richmond,2022-05,250
Outer Richmond,2022-06,260
Outer Richmond,2022-07,244
Outer Richmond,2022-08,259
Outer Richmond,2022-09,259
Outer Richmond,2022-10,279
Outer Richmond,2022-11,198
Outer Richmond,2022-12,226
Pacific Heights,2018-01,225
Pacific Heights,2018-02,167
Pacific Heights,2018-03,157
Pacific Heights,2018-04,158
Pacific Heights,2018-05,199
Pacific Heights,2018-06,203
Pacific Heights,2018-07,199
Pacific Heights,2018-08,200
Pacific Heights,2018-09,173
Pacific Heights,2018-10,202
Pacific Heights,2018-11,169
Pacific Heights,2018-12,204
Pacific Heights,2019-01,178
Pacific Heights,2019-02,189
Pacific Heights,2019-03,195
Pacific Heights,2019-04,213
Pacific Heights,2019-05,228
Pacific Heights,2019-06,192
Pacific Heights,2019-07,198
Pacific Heights,2019-08,199
Pacific Heights,2019-09,224
Pacific Heights,2019-10,220
Pacific Heights,2019-11,194
Pacific Heights,2019-12,192
Pacific Heights,2020-01,176
Pacific Heights,2020-02,183
Pacific Heights,2020-03,227
Pacific Heights,2020-04,165
Pacific Heights,2020-05,230
Pacific Heights,2020-06,215
Pacific Heights,2020-07,238
Pacific Heights,2020-08,215
Pacific Heights,2020-09,170
Pacific Heights,2020-10,202
Pacific Heights,2020-11,186
Pacific Heights,2020-12,177
Pacific Heights,2021-01,194
Pacific Heights,2021-02,189
Pacific Heights,2021-03,180
Pacific Heights,2021-04,205
Pacific Heights,2021-05,193
Pacific Heights,2021-06,211
Pacific Heights,2021-07,158
Pacific Heights,2021-08,219
Pacific Heights,2021-09,183
Pacific Heights,2021-10,196
Pacific Heights,2021-11,200
Pacific Heights,2021-12,222
Pacific Heights,2022-01,196
Pacific Heights,2022-02,180
Pacific Heights,2022-03,170
Pacific Heights,2022-04,204
Pacific Heights,2022-05,145
Pacific Heights,2022-06,141
Pacific Heights,2022-07,173
Pacific Heights,2022-08,171
Pacific Heights,2022-09,187
Pacific Heights,2022-10,186
Pacific Heights,2022-11,187
Pacific Heights,2022-12,183
Portola,2018-01,162
Portola,2018-02,102
Portola,2018-03,132
Portola,2018-04,124
Portola,2018-05,134
Portola,2018-06,107
Portola,2018-07,135
Portola,2018-08,129
Portola,2018-09,127
Portola,2018-10,138
Portola,2018-11,145
Portola,2018-12,120
Portola,2019-01,122
Portola,2019-02,113
Portola,2019-03,107
Portola,2019-04,124
Portola,2019-05,151
Portola,2019-06,107
Portola,2019-07,165
Portola,2019-08,118
Portola,2019-09,151
Portola,2019-10,170
Portola,2019-11,124
Portola,2019-12,91
Portola,2020-01,127
Portola,2020-02,135
Portola,2020-03,97
Portola,2020-04,91
Portola,2020-05,114
Portola,2020-06,122
Portola,2020-07,116
Portola,2020-08,85
Portola,2020-09,87
Portola,2020-10,91
Portola,2020-11,140
Portola,2020-12,183
Portola,2021-01,136
Portola,2021-02,131
Portola,2021-03,113
Portola,2021-04,106
Portola,2021-05,124
Portola,2021-06,126
Portola,2021-07,147
Portola,2021-08,137
Portola,2021-09,137
Portola,2021-10,109
Portola,2021-11,119
Portola,2021-12,110
Portola,2022-01,126
Portola,2022-02,116
Portola,2022-03,89
Portola,2022-04,120
Portola,2022-05,126
Portola,2022-06,107
Portola,2022-07,115
Portola,2022-08,113
Portola,2022-09,126
Portola,2022-10,151
Portola,2022-11,102
Portola,2022-12,105
Potrero Hill,2018-01,254
Potrero Hill,2018-02,199
Potrero Hill,2018-03,209
Potrero Hill,2018-04,217
Potrero Hill,2018-05,205
Potrero Hill,2018-06,165
Potrero Hill,2018-07,190
Potrero Hill,2018-08,202
Potrero Hill,2018-09,170
Potrero Hill,2018-10,198
Potrero Hill,2018-11,183
Potrero Hill,2018-12,177
Potrero Hill,2019-01,195
Potrero Hill,2019-02,181
Potrero Hill,2019-03,164
Potrero Hill,2019-04,167
Potrero Hill,2019-05,191
Potrero Hill,2019-06,147
Potrero Hill,2019-07,195
Potrero Hill,2019-08,178
Potrero Hill,2019-09,158
Potrero Hill,2019-10,161
Potrero Hill,2019-11,220
Potrero Hill,2019-12,206
Potrero Hill,2020-01,168
Potrero Hill,2020-02,219
Potrero Hill,2020-03,164
Potrero Hill,2020-04,174
Potrero Hill,2020-05,182
Potrero Hill,2020-06,176
Potrero Hill,2020-07,203
Potrero Hill,2020-08,209
Potrero Hill,2020-09,154
Potrero Hill,2020-10,169
Potrero Hill,2020-11,210
Potrero Hill,2020-12,220
Potrero Hill,2021-01,184
Potrero Hill,2021-02,207
Potrero Hill,2021-03,190
Potrero Hill,2021-04,176
Potrero Hill,2021-05,146
Potrero Hill,2021-06,160
Potrero Hill,2021-07,182
Potrero Hill,2021-08,213
Potrero Hill,2021-09,156
Potrero Hill,2021-10,186
Potrero Hill,2021-11,182
Potrero Hill,2021-12,205
Potrero Hill,2022-01,188
Potrero Hill,2022-02,137
Potrero Hill,2022-03,175
Potrero Hill,2022-04,173
Potrero Hill,2022-05,158
Potrero Hill,2022-06,171
Potrero Hill,2022-07,168
Potrero Hill,2022-08,201
Potrero Hill,2022-09,174
Potrero Hill,2022-10,209
Potrero Hill,2022-11,190
Potrero Hill,2022-12,158
Presidio,2018-01,24
Presidio,2018-02,13
Presidio,2018-03,28
Presidio,2018-04,16
Presidio,2018-05,17
Presidio,2018-06,39
Presidio,2018-07,24
Presidio,2018-08,27
Presidio,2018-09,20
Presidio,2018-10,16
Presidio,2018-11,27
Presidio,2018-12,30
Presidio,2019-01,28
Presidio,2019-02,47
Presidio,2019-03,30
Presidio,2019-04,25
Presidio,2019-05,47
Presidio,2019-06,39
Presidio,2019-07,32
Presidio,2019-08,36
Presidio,2019-09,35
Presidio,2019-10,30
Presidio,2019-11,20
Presidio,2019-12,37
Presidio,2020-01,42
Presidio,2020-02,17
Presidio,2020-03,14
Presidio,2020-04,5
Presidio,2020-05,7
Presidio,2020-06,16
Presidio,2020-07,22
Presidio,2020-08,26
Presidio,2020-09,16
Presidio,2020-10,20
Presidio,2020-11,42
Presidio,2020-12,25
Presidio,2021-01,25
Presidio,2021-02,32
Presidio,2021-03,31
Presidio,2021-04,48
Presidio,2021-05,22
Presidio,2021-06,28
Presidio,2021-07,26
Presidio,2021-08,11
Presidio,2021-09,6
Presidio,2021-10,19
Presidio,2021-11,25
Presidio,2021-12,18
Presidio,2022-01,10
Presidio,2022-02,9
Presidio,2022-03,9
Presidio,2022-04,11
Presidio,2022-05,7
Presidio,2022-06,16
Presidio,2022-07,17
Presidio,2022-08,18
Presidio,2022-09,29
Presidio,2022-10,6
Presidio,2022-11,9
Presidio,2022-12,18
Presidio Heights,2018-01,68
Presidio Heights,2018-02,62
Presidio Heights,2018-03,54
Presidio Heights,2018-04,52
Presidio Heights,2018-05,84
Presidio Heights,2018-06,49
Presidio Heights,2018-07,88
Presidio Heights,2018-08,71
Presidio Heights,2018-09,79
Presidio Heights,2018-10,67
Presidio Heights,2018-11,78
Presidio Heights,2018-12,79
Presidio Heights,2019-01,60
Presidio Heights,2019-02,56
Presidio Heights,2019-03,60
Presidio Heights,2019-04,60
Presidio Heights,2019-05,59
Presidio Heights,2019-06,58
Presidio Heights,2019-07,70
Presidio Heights,2019-08,80
Presidio Heights,2019-09,79
Presidio Heights,2019-10,79
Presidio Heights,2019-11,79
Presidio Heights,2019-12,80
Presidio Heights,2020-01,75
Presidio Heights,2020-02,55
Presidio Heights,2020-03,79
Presidio Heights,2020-04,69
Presidio Heights,2020-05,82
Presidio Heights,2020-06,84
Presidio Heights,2020-07,80
Presidio Heights,2020-08,79
Presidio Heights,2020-09,72
Presidio Heights,2020-10,74
Presidio Heights,2020-11,78
Presidio Heights,2020-12,91
Presidio Heights,2021-01,77
Presidio Heights,2021-02,72
Presidio Heights,2021-03,66
Presidio Heights,2021-04,63
Presidio Heights,2021-05,68
Presidio Heights,2021-06,59
Presidio Heights,2021-07,59
Presidio Heights,2021-08,67
Presidio Heights,2021-09,88
Presidio Heights,2021-10,61
Presidio Heights,2021-11,83
Presidio Heights,2021-12,61
Presidio Heights,2022-01,51
Presidio Heights,2022-02,49
Presidio Heights,2022-03,66
Presidio Heights,2022-04,71
Presidio Heights,2022-05,59
Presidio Heights,2022-06,71
Presidio Heights,2022-07,61
Presidio Heights,2022-08,46
Presidio Heights,2022-09,78
Presidio Heights,2022-10,61
Presidio Heights,2022-11,53
Presidio Heights,2022-12,95
Russian Hill,2018-01,308
Russian Hill,2018-02,247
Russian Hill,2018-03,251
Russian Hill,2018-04,259
Russian Hill,2018-05,242
Russian Hill,2018-06,246
Russian Hill,2018-07,337
Russian Hill,2018-08,391
Russian Hill,2018-09,309
Russian Hill,2018-10,299
Russian Hill,2018-11,286
Russian Hill,2018-12,327
Russian Hill,2019-01,324
Russian Hill,2019-02,221
Russian Hill,2019-03,231
Russian Hill,2019-04,191
Russian Hill,2019-05,249
Russian Hill,2019-06,312
Russian Hill,2019-07,330
Russian Hill,2019-08,319
Russian Hill,2019-09,236
Russian Hill,2019-10,286
Russian Hill,2019-11,194
Russian Hill,2019-12,271
Russian Hill,2020-01,243
Russian Hill,2020-02,185
Russian Hill,2020-03,156
Russian Hill,2020-04,156
Russian Hill,2020-05,213
Russian Hill,2020-06,196
Russian Hill,2020-07,207
Russian Hill,2020-08,273
Russian Hill,2020-09,184
Russian Hill,2020-10,228
Russian Hill,2020-11,251
Russian Hill,2020-12,229
Russian Hill,2021-01,256
Russian Hill,2021-02,253
Russian Hill,2021-03,272
Russian Hill,2021-04,240
Russian Hill,2021-05,317
Russian Hill,2021-06,333
Russian Hill,2021-07,285
Russian Hill,2021-08,242
Russian Hill,2021-09,292
Russian Hill,2021-10,371
Russian Hill,2021-11,324
Russian Hill,2021-12,280
Russian Hill,2022-01,246
Russian Hill,2022-02,194
Russian Hill,2022-03,295
Russian Hill,2022-04,221
Russian Hill,2022-05,193
Russian Hill,2022-06,251
Russian Hill,2022-07,249
Russian Hill,2022-08,258
Russian Hill,2022-09,312
Russian Hill,2022-10,281
Russian Hill,2022-11,284
Russian Hill,2022-12,320
Seacliff,2018-01,12
Seacliff,2018-02,9
Seacliff,2018-03,15
Seacliff,2018-04,7
Seacliff,2018-05,13
Seacliff,2018-06,15
Seacliff,2018-07,16
Seacliff,2018-08,22
Seacliff,2018-09,7
Seacliff,2018-10,19
Seacliff,2018-11,7
Seacliff,2018-12,10
Seacliff,2019-01,15
Seacliff,2019-02,12
Seacliff,2019-03,22
Seacliff,2019-04,15
Seacliff,2019-05,15
Seacliff,2019-06,10
Seacliff,2019-07,8
Seacliff,2019-08,24
Seacliff,2019-09,11
Seacliff,2019-10,10
Seacliff,2019-11,12
Seacliff,2019-12,13
Seacliff,2020-01,13
Seacliff,2020-02,9
Seacliff,2020-03,16
Seacliff,2020-04,5
Seacliff,2020-05,18
Seacliff,2020-06,19
Seacliff,2020-07,9
Seacliff,2020-08,25
Seacliff,2020-09,15
Seacliff,2020-10,16
Seacliff,2020-11,11
Seacliff,2020-12,22
Seacliff,2021-01,9
Seacliff,2021-02,18
Seacliff,2021-03,12
Seacliff,2021-04,20
Seacliff,2021-05,27
Seacliff,2021-06,27
Seacliff,2021-07,19
Seacliff,2021-08,27
Seacliff,2021-09,31
Seacliff,2021-10,20
Seacliff,2021-11,15
Seacliff,2021-12,19
Seacliff,2022-01,17
Seacliff,2022-02,18
Seacliff,2022-03,11
Seacliff,2022-04,11
Seacliff,2022-05,30
Seacliff,2022-06,23
Seacliff,2022-07,17
Seacliff,2022-08,10
Seacliff,2022-09,18
Seacliff,2022-10,17
Seacliff,2022-11,18
Seacliff,2022-12,10
South of Market,2018-01,1111
South of Market,2018-02,1010
South of Market,2018-03,1151
South of Market,2018-04,1047
South of Market,2018-05,1072
South of Market,2018-06,1125
South of Market,2018-07,1162
South of Market,2018-08,1096
South of Market,2018-09,1021
South of Market,2018-10,1112
South of Market,2018-11,1001
South of Market,2018-12,976
South of Market,2019-01,956
South of Market,2019-02,915
South of Market,2019-03,976
South of Market,2019-04,1016
South of Market,2019-05,1023
South of Market,2019-06,935
South of Market,2019-07,1069
South of Market,2019-08,1077
South of Market,2019-09,965
South of Market,2019-10,958
South of Market,2019-11,993
South of Market,2019-12,917
South of Market,2020-01,980
South of Market,2020-02,907
South of Market,2020-03,757
South of Market,2020-04,570
South of Market,2020-05,712
South of Market,2020-06,711
South of Market,2020-07,749
South of Market,2020-08,683
South of Market,2020-09,646
South of Market,2020-10,666
South of Market,2020-11,703
South of Market,2020-12,720
South of Market,2021-01,692
South of Market,2021-02,574
South of Market,2021-03,640
South of Market,2021-04,679
South of Market,2021-05,618
South of Market,2021-06,705
South of Market,2021-07,744
South of Market,2021-08,799
South of Market,2021-09,830
South of Market,2021-10,779
South of Market,2021-11,930
South of Market,2021-12,737
South of Market,2022-01,743
South of Market,2022-02,710
South of Market,2022-03,842
South of Market,2022-04,819
South of Market,2022-05,784
South of Market,2022-06,849
South of Market,2022-07,943
South of Market,2022-08,961
South of Market,2022-09,963
South of Market,2022-10,906
South of Market,2022-11,808
South of Market,2022-12,832
Sunset/Parkside,2018-01,342
Sunset/Parkside,2018-02,358
Sunset/Parkside,2018-03,389
Sunset/Parkside,2018-04,381
Sunset/Parkside,2018-05,362
Sunset/Parkside,2018-06,367
Sunset/Parkside,2018-07,320
Sunset/Parkside,2018-08,407
Sunset/Parkside,2018-09,342
Sunset/Parkside,2018-10,385
Sunset/Parkside,2018-11,381
Sunset/Parkside,2018-12,348
Sunset/Parkside,2019-01,313
Sunset/Parkside,2019-02,313
Sunset/Parkside,2019-03,294
Sunset/Parkside,2019-04,279
Sunset/Parkside,2019-05,297
Sunset/Parkside,2019-06,279
Sunset/Parkside,2019-07,369
Sunset/Parkside,2019-08,309
Sunset/Parkside,2019-09,341
Sunset/Parkside,2019-10,388
Sunset/Parkside,2019-11,361
Sunset/Parkside,2019-12,356
Sunset/Parkside,2020-01,365
Sunset/Parkside,2020-02,306
Sunset/Parkside,2020-03,242
Sunset/Parkside,2020-04,254
Sunset/Parkside,2020-05,277
Sunset/Parkside,2020-06,274
Sunset/Parkside,2020-07,278
Sunset/Parkside,2020-08,285
Sunset/Parkside,2020-09,266
Sunset/Parkside,2020-10,339
Sunset/Parkside,2020-11,347
Sunset/Parkside,2020-12,310
Sunset/Parkside,2021-01,343
Sunset/Parkside,2021-02,257
Sunset/Parkside,2021-03,284
Sunset/Parkside,2021-04,242
Sunset/Parkside,2021-05,279
Sunset/Parkside,2021-06,284
Sunset/Parkside,2021-07,310
Sunset/Parkside,2021-08,321
Sunset/Parkside,2021-09,354
Sunset/Parkside,2021-10,311
Sunset/Parkside,2021-11,318
Sunset/Parkside,2021-12,276
Sunset/Parkside,2022-01,331
Sunset/Parkside,2022-02,276
Sunset/Parkside,2022-03,314
Sunset/Parkside,2022-04,332
Sunset/Parkside,2022-05,318
Sunset/Parkside,2022-06,368
Sunset/Parkside,2022-07,363
Sunset/Parkside,2022-08,322
Sunset/Parkside,2022-09,338
Sunset/Parkside,2022-10,372
Sunset/Parkside,2022-11,295
Sunset/Parkside,2022-12,291
Tenderloin,2018-01,1301
Tenderloin,2018-02,1229
Tenderloin,2018-03,1304
Tenderloin,2018-04,1234
Tenderloin,2018-05,1339
Tenderloin,2018-06,1146
Tenderloin,2018-07,1252
Tenderloin,2018-08,1277
Tenderloin,2018-09,1160
Tenderloin,2018-10,1318
Tenderloin,2018-11,1192
Tenderloin,2018-12,1224
Tenderloin,2019-01,1273
Tenderloin,2019-02,1118
Tenderloin,2019-03,1211
Tenderloin,2019-04,1240
Tenderloin,2019-05,1349
Tenderloin,2019-06,1315
Tenderloin,2019-07,1262
Tenderloin,2019-08,1365
Tenderloin,2019-09,1233
Tenderloin,2019-10,1111
Tenderloin,2019-11,1031
Tenderloin,2019-12,1084
Tenderloin,2020-01,1150
Tenderloin,2020-02,1161
Tenderloin,2020-03,937
Tenderloin,2020-04,761
Tenderloin,2020-05,963
Tenderloin,2020-06,959
Tenderloin,2020-07,920
Tenderloin,2020-08,907
Tenderloin,2020-09,956
Tenderloin,2020-10,990
Tenderloin,2020-11,851
Tenderloin,2020-12,971
Tenderloin,2021-01,983
Tenderloin,2021-02,898
Tenderloin,2021-03,785
Tenderloin,2021-04,946
Tenderloin,2021-05,827
Tenderloin,2021-06,904
Tenderloin,2021-07,1017
Tenderloin,2021-08,992
Tenderloin,2021-09,964
Tenderloin,2021-10,1055
Tenderloin,2021-11,881
Tenderloin,2021-12,1065
Tenderloin,2022-01,1074
Tenderloin,2022-02,839
Tenderloin,2022-03,1092
Tenderloin,2022-04,1006
Tenderloin,2022-05,1043
Tenderloin,2022-06,1242
Tenderloin,2022-07,1509
Tenderloin,2022-08,1330
Tenderloin,2022-09,1305
Tenderloin,2022-10,1128
Tenderloin,2022-11,1079
Tenderloin,2022-12,1056
Treasure Island,2018-01,16
Treasure Island,2018-02,37
Treasure Island,2018-03,45
Treasure Island,2018-04,53
Treasure Island,2018-05,40
Treasure Island,2018-06,23
Treasure Island,2018-07,52
Treasure Island,2018-08,55
Treasure Island,2018-09,30
Treasure Island,2018-10,57
Treasure Island,2018-11,42
Treasure Island,2018-12,45
Treasure Island,2019-01,32
Treasure Island,2019-02,20
Treasure Island,2019-03,20
Treasure Island,2019-04,40
Treasure Island,2019-05,32
Treasure Island,2019-06,48
Treasure Island,2019-07,42
Treasure Island,2019-08,33
Treasure Island,2019-09,51
Treasure Island,2019-10,34
Treasure Island,2019-11,31
Treasure Island,2019-12,38
Treasure Island,2020-01,43
Treasure Island,2020-02,30
Treasure Island,2020-03,28
Treasure Island,2020-04,18
Treasure Island,2020-05,53
Treasure Island,2020-06,37
Treasure Island,2020-07,45
Treasure Island,2020-08,38
Treasure Island,2020-09,27
Treasure Island,2020-10,35
Treasure Island,2020-11,32
Treasure Island,2020-12,47
Treasure Island,2021-01,37
Treasure Island,2021-02,33
Treasure Island,2021-03,34
Treasure Island,2021-04,42
Treasure Island,2021-05,60
Treasure Island,2021-06,43
Treasure Island,2021-07,43
Treasure Island,2021-08,51
Treasure Island,2021-09,45
Treasure Island,2021-10,40
Treasure Island,2021-11,42
Treasure Island,2021-12,54
Treasure Island,2022-01,39
Treasure Island,2022-02,50
Treasure Island,2022-03,53
Treasure Island,2022-04,41
Treasure Island,2022-05,53
Treasure Island,2022-06,31
Treasure Island,2022-07,38
Treasure Island,2022-08,43
Treasure Island,2022-09,38
Treasure Island,2022-10,43
Treasure Island,2022-11,26
Treasure Island,2022-12,28
Twin Peaks,2018-01,48
Twin Peaks,2018-02,18
Twin Peaks,2018-03,38
Twin Peaks,2018-04,36
Twin Peaks,2018-05,45
Twin Peaks,2018-06,39
Twin Peaks,2018-07,40
Twin Peaks,2018-08,65
Twin Peaks,2018-09,38
Twin Peaks,2018-10,64
Twin Peaks,2018-11,70
Twin Peaks,2018-12,98
Twin Peaks,2019-01,66
Twin Peaks,2019-02,56
Twin Peaks,2019-03,42
Twin Peaks,2019-04,47
Twin Peaks,2019-05,51
Twin Peaks,2019-06,61
Twin Peaks,2019-07,51
Twin Peaks,2019-08,84
Twin Peaks,2019-09,97
Twin Peaks,2019-10,127
Twin Peaks,2019-11,62
Twin Peaks,2019-12,83
Twin Peaks,2020-01,90
Twin Peaks,2020-02,43
Twin Peaks,2020-03,59
Twin Peaks,2020-04,37
Twin Peaks,2020-05,60
Twin Peaks,2020-06,64
Twin Peaks,2020-07,52
Twin Peaks,2020-08,38
Twin Peaks,2020-09,67
Twin Peaks,2020-10,43
Twin Peaks,2020-11,60
Twin Peaks,2020-12,55
Twin Peaks,2021-01,82
Twin Peaks,2021-02,45
Twin Peaks,2021-03,31
Twin Peaks,2021-04,27
Twin Peaks,2021-05,54
Twin Peaks,2021-06,29
Twin Peaks,2021-07,39
Twin Peaks,2021-08,43
Twin Peaks,2021-09,53
Twin Peaks,2021-10,49
Twin Peaks,2021-11,81
Twin Peaks,2021-12,64
Twin Peaks,2022-01,76
Twin Peaks,2022-02,34
Twin Peaks,2022-03,41
Twin Peaks,2022-04,56
Twin Peaks,2022-05,55
Twin Peaks,2022-06,45
Twin Peaks,2022-07,68
Twin Peaks,2022-08,68
Twin Peaks,2022-09,75
Twin Peaks,2022-10,48
Twin Peaks,2022-11,87
Twin Peaks,2022-12,43
Visitacion Valley,2018-01,142
Visitacion Valley,2018-02,145
Visitacion Valley,2018-03,155
Visitacion Valley,2018-04,151
Visitacion Valley,2018-05,170
Visitacion Valley,2018-06,118
Visitacion Valley,2018-07,127
Visitacion Valley,2018-08,125
Visitacion Valley,2018-09,137
Visitacion Valley,2018-10,153
Visitacion Valley,2018-11,145
Visitacion Valley,2018-12,117
Visitacion Valley,2019-01,139
Visitacion Valley,2019-02,121
Visitacion Valley,2019-03,144
Visitacion Valley,2019-04,122
Visitacion Valley,2019-05,134
Visitacion Valley,2019-06,119
Visitacion Valley,2019-07,83
Visitacion Valley,2019-08,136
Visitacion Valley,2019-09,115
Visitacion Valley,2019-10,131
Visitacion Valley,2019-11,85
Visitacion Valley,2019-12,122
Visitacion Valley,2020-01,141
Visitacion Valley,2020-02,100
Visitacion Valley,2020-03,122
Visitacion Valley,2020-04,93
Visitacion Valley,2020-05,142
Visitacion Valley,2020-06,103
Visitacion Valley,2020-07,108
Visitacion Valley,2020-08,130
Visitacion Valley,2020-09,113
Visitacion Valley,2020-10,143
Visitacion Valley,2020-11,110
Visitacion Valley,2020-12,131
Visitacion Valley,2021-01,122
Visitacion Valley,2021-02,119
Visitacion Valley,2021-03,104
Visitacion Valley,2021-04,96
Visitacion Valley,2021-05,104
Visitacion Valley,2021-06,94
Visitacion Valley,2021-07,116
Visitacion Valley,2021-08,108
Visitacion Valley,2021-09,108
Visitacion Valley,2021-10,92
Visitacion Valley,2021-11,105
Visitacion Valley,2021-12,110
Visitacion Valley,2022-01,88
Visitacion Valley,2022-02,72
Visitacion Valley,2022-03,89
Visitacion Valley,2022-04,112
Visitacion Valley,2022-05,96
Visitacion Valley,2022-06,100
Visitacion Valley,2022-07,100
Visitacion Valley,2022-08,125
Visitacion Valley,2022-09,129
Visitacion Valley,2022-10,136
Visitacion Valley,2022-11,123
Visitacion Valley,2022-12,123
West of Twin Peaks,2018-01,258
West of Twin Peaks,2018-02,217
West of Twin Peaks,2018-03,219
West of Twin Peaks,2018-04,280
West of Twin Peaks,2018-05,216
West of Twin Peaks,2018-06,210
West of Twin Peaks,2018-07,252
West of Twin Peaks,2018-08,204
West of Twin Peaks,2018-09,249
West of Twin Peaks,2018-10,250
West of Twin Peaks,2018-11,201
West of Twin Peaks,2018-12,218
West of Twin Peaks,2019-01,232
West of Twin Peaks,2019-02,189
West of Twin Peaks,2019-03,248
West of Twin Peaks,2019-04,219
West of Twin Peaks,2019-05,293
West of Twin Peaks,2019-06,215
West of Twin Peaks,2019-07,209
West of Twin Peaks,2019-08,246
West of Twin Peaks,2019-09,227
West of Twin Peaks,2019-10,285
West of Twin Peaks,2019-11,239
West of Twin Peaks,2019-12,247
West of Twin Peaks,2020-01,252
West of Twin Peaks,2020-02,253
West of Twin Peaks,2020-03,220
West of Twin Peaks,2020-04,148
West of Twin Peaks,2020-05,213
West of Twin Peaks,2020-06,165
West of Twin Peaks,2020-07,212
West of Twin Peaks,2020-08,161
West of Twin Peaks,2020-09,151
West of Twin Peaks,2020-10,192
West of Twin Peaks,2020-11,216
West of Twin Peaks,2020-12,238
West of Twin Peaks,2021-01,190
West of Twin Peaks,2021-02,214
West of Twin Peaks,2021-03,189
West of Twin Peaks,2021-04,141
West of Twin Peaks,2021-05,201
West of Twin Peaks,2021-06,238
West of Twin Peaks,2021-07,241
West of Twin Peaks,2021-08,191
West of Twin Peaks,2021-09,204
West of Twin Peaks,2021-10,211
West of Twin Peaks,2021-11,185
West of Twin Peaks,2021-12,253
West of Twin Peaks,2022-01,189
West of Twin Peaks,2022-02,207
West of Twin Peaks,2022-03,238
West of Twin Peaks,2022-04,216
West of Twin Peaks,2022-05,201
West of Twin Peaks,2022-06,209
West of Twin Peaks,2022-07,228
West of Twin Peaks,2022-08,207
West of Twin Peaks,2022-09,208
West of Twin Peaks,2022-10,227
West of Twin Peaks,2022-11,226
West of Twin Peaks,2022-12,178
Western Addition,2018-01,445
Western Addition,2018-02,348
Western Addition,2018-03,387
Western Addition,2018-04,326
Western Addition,2018-05,355
Western Addition,2018-06,361
Western Addition,2018-07,378
Western Addition,2018-08,421
Western Addition,2018-09,392
Western Addition,2018-10,423
Western Addition,2018-11,324
Western Addition,2018-12,341
Western Addition,2019-01,401
Western Addition,2019-02,297
Western Addition,2019-03,390
Western Addition,2019-04,377
Western Addition,2019-05,367
Western Addition,2019-06,443
Western Addition,2019-07,379
Western Addition,2019-08,452
Western Addition,2019-09,470
Western Addition,2019-10,405
Western Addition,2019-11,391
Western Addition,2019-12,426
Western Addition,2020-01,425
Western Addition,2020-02,438
Western Addition,2020-03,305
Western Addition,2020-04,263
Western Addition,2020-05,294
Western Addition,2020-06,318
Western Addition,2020-07,331
Western Addition,2020-08,310
Western Addition,2020-09,277
Western Addition,2020-10,243
Western Addition,2020-11,231
Western Addition,2020-12,280
Western Addition,2021-01,320
Western Addition,2021-02,206
Western Addition,2021-03,287
Western Addition,2021-04,271
Western Addition,2021-05,307
Western Addition,2021-06,302
Western Addition,2021-07,319
Western Addition,2021-08,270
Western Addition,2021-09,334
Western Addition,2021-10,348
Western Addition,2021-11,335
Western Addition,2021-12,283
Western Addition,2022-01,312
Western Addition,2022-02,339
Western Addition,2022-03,353
Western Addition,2022-04,386
Western Addition,2022-05,351
Western Addition,2022-06,321
Western Addition,2022-07,321
Western Addition,2022-08,358
Western Addition,2022-09,376
Western Addition,2022-10,378
Western Addition,2022-11,359
Western Addition,2022-12,317
