Analysis Neighborhood,Incident Year-Month,Incident Datetime
Bayview Hunters Point,2018-01,153
Bayview Hunters Point,2018-02,103
Bayview Hunters Point,2018-03,144
Bayview Hunters Point,2018-04,134
Bayview Hunters Point,2018-05,118
Bayview Hunters Point,2018-06,129
Bayview Hunters Point,2018-07,131
Bayview Hunters Point,2018-08,127
Bayview Hunters Point,2018-09,132
Bayview Hunters Point,2018-10,122
Bayview Hunters Point,2018-11,102
Bayview Hunters Point,2018-12,104
Bayview Hunters Point,2019-01,120
Bayview Hunters Point,2019-02,134
Bayview Hunters Point,2019-03,118
Bayview Hunters Point,2019-04,132
Bayview Hunters Point,2019-05,127
Bayview Hunters Point,2019-06,115
Bayview Hunters Point,2019-07,105
Bayview Hunters Point,2019-08,120
Bayview Hunters Point,2019-09,126
Bayview Hunters Point,2019-10,145
Bayview Hunters Point,2019-11,111
Bayview Hunters Point,2019-12,116
Bayview Hunters Point,2020-01,123
Bayview Hunters Point,2020-02,105
Bayview Hunters Point,2020-03,114
Bayview Hunters Point,2020-04,140
Bayview Hunters Point,2020-05,137
Bayview Hunters Point,2020-06,110
Bayview Hunters Point,2020-07,137
Bayview Hunters Point,2020-08,127
Bayview Hunters Point,2020-09,131
Bayview Hunters Point,2020-10,140
Bayview Hunters Point,2020-11,124
Bayview Hunters Point,2020-12,109
Bayview Hunters Point,2021-01,132
Bayview Hunters Point,2021-02,119
Bayview Hunters Point,2021-03,115
Bayview Hunters Point,2021-04,131
Bayview Hunters Point,2021-05,121
Bayview Hunters Point,2021-06,130
Bayview Hunters Point,2021-07,141
Bayview Hunters Point,2021-08,120
Bayview Hunters Point,2021-09,140
Bayview Hunters Point,2021-10,145
Bayview Hunters Point,2021-11,116
Bayview Hunters Point,2021-12,133
Bayview Hunters Point,2022-01,118
Bayview Hunters Point,2022-02,112
Bayview Hunters Point,2022-03,133
Bayview Hunters Point,2022-04,141
Bayview Hunters Point,2022-05,140
Bayview Hunters Point,2022-06,105
Bayview Hunters Point,2022-07,158
Bayview Hunters Point,2022-08,163
Bayview Hunters Point,2022-09,133
Bayview Hunters Point,2022-10,143
Bayview Hunters Point,2022-11,103
Bayview Hunters Point,2022-12,101
Bernal Heights,2018-01,35
Bernal Heights,2018-02,30
Bernal Heights,2018-03,34
Bernal Heights,2018-04,31
Bernal Heights,2018-05,52
Bernal Heights,2018-06,31
Bernal Heights,2018-07,53
Bernal Heights,2018-08,52
Bernal Heights,2018-09,34
Bernal Heights,2018-10,44
Bernal Heights,2018-11,41
Bernal Heights,2018-12,23
Bernal Heights,2019-01,29
Bernal Heights,2019-02,20
Bernal Heights,2019-03,31
Bernal Heights,2019-04,39
Bernal Heights,2019-05,34
Bernal Heights,2019-06,21
Bernal Heights,2019-07,31
Bernal Heights,2019-08,52
Bernal Heights,2019-09,33
Bernal Heights,2019-10,36
Bernal Heights,2019-11,34
Bernal Heights,2019-12,34
Bernal Heights,2020-01,49
Bernal Heights,2020-02,34
Bernal Heights,2020-03,46
Bernal Heights,2020-04,32
Bernal Heights,2020-05,35
Bernal Heights,2020-06,19
Bernal Heights,2020-07,41
Bernal Heights,2020-08,23
Bernal Heights,2020-09,35
Bernal Heights,2020-10,31
Bernal Heights,2020-11,29
Bernal Heights,2020-12,33
Bernal Heights,2021-01,45
Bernal Heights,2021-02,31
Bernal Heights,2021-03,24
Bernal Heights,2021-04,42
Bernal Heights,2021-05,35
Bernal Heights,2021-06,44
Bernal Heights,2021-07,40
Bernal Heights,2021-08,49
Bernal Heights,2021-09,46
Bernal Heights,2021-10,37
Bernal Heights,2021-11,33
Bernal Heights,2021-12,50
Bernal Heights,2022-01,20
Bernal Heights,2022-02,34
Bernal Heights,2022-03,26
Bernal Heights,2022-04,56
Bernal Heights,2022-05,24
Bernal Heights,2022-06,38
Bernal Heights,2022-07,48
Bernal Heights,2022-08,45
Bernal Heights,2022-09,37
Bernal Heights,2022-10,29
Bernal Heights,2022-11,37
Bernal Heights,2022-12,34
Castro/Upper Market,2018-01,46
Castro/Upper Market,2018-02,43
Castro/Upper Market,2018-03,70
Castro/Upper Market,2018-04,48
Castro/Upper Market,2018-05,62
Castro/Upper Market,2018-06,65
Castro/Upper Market,2018-07,59
Castro/Upper Market,2018-08,79
Castro/Upper Market,2018-09,67
Castro/Upper Market,2018-10,62
Castro/Upper Market,2018-11,42
Castro/Upper Market,2018-12,52
Castro/Upper Market,2019-01,64
Castro/Upper Market,2019-02,59
Castro/Upper Market,2019-03,64
Castro/Upper Market,2019-04,79
Castro/Upper Market,2019-05,56
Castro/Upper Market,2019-06,49
Castro/Upper Market,2019-07,73
Castro/Upper Market,2019-08,46
Castro/Upper Market,2019-09,53
Castro/Upper Market,2019-10,50
Castro/Upper Market,2019-11,60
Castro/Upper Market,2019-12,42
Castro/Upper Market,2020-01,58
Castro/Upper Market,2020-02,49
Castro/Upper Market,2020-03,58
Castro/Upper Market,2020-04,59
Castro/Upper Market,2020-05,57
Castro/Upper Market,2020-06,50
Castro/Upper Market,2020-07,57
Castro/Upper Market,2020-08,49
Castro/Upper Market,2020-09,75
Castro/Upper Market,2020-10,67
Castro/Upper Market,2020-11,52
Castro/Upper Market,2020-12,40
Castro/Upper Market,2021-01,46
Castro/Upper Market,2021-02,53
Castro/Upper Market,2021-03,58
Castro/Upper Market,2021-04,54
Castro/Upper Market,2021-05,49
Castro/Upper Market,2021-06,68
Castro/Upper Market,2021-07,58
Castro/Upper Market,2021-08,59
Castro/Upper Market,2021-09,57
Castro/Upper Market,2021-10,52
Castro/Upper Market,2021-11,66
Castro/Upper Market,2021-12,47
Castro/Upper Market,2022-01,47
Castro/Upper Market,2022-02,48
Castro/Upper Market,2022-03,32
Castro/Upper Market,2022-04,54
Castro/Upper Market,2022-05,43
Castro/Upper Market,2022-06,41
Castro/Upper Market,2022-07,36
Castro/Upper Market,2022-08,39
Castro/Upper Market,2022-09,41
Castro/Upper Market,2022-10,36
Castro/Upper Market,2022-11,39
Castro/Upper Market,2022-12,30
Chinatown,2018-01,49
Chinatown,2018-02,40
Chinatown,2018-03,25
Chinatown,2018-04,43
Chinatown,2018-05,31
Chinatown,2018-06,41
Chinatown,2018-07,51
Chinatown,2018-08,36
Chinatown,2018-09,32
Chinatown,2018-10,50
Chinatown,2018-11,35
Chinatown,2018-12,43
Chinatown,2019-01,32
Chinatown,2019-02,32
Chinatown,2019-03,34
Chinatown,2019-04,29
Chinatown,2019-05,51
Chinatown,2019-06,35
Chinatown,2019-07,47
Chinatown,2019-08,59
Chinatown,2019-09,34
Chinatown,2019-10,35
Chinatown,2019-11,42
Chinatown,2019-12,47
Chinatown,2020-01,45
Chinatown,2020-02,37
Chinatown,2020-03,39
Chinatown,2020-04,28
Chinatown,2020-05,31
Chinatown,2020-06,36
Chinatown,2020-07,33
Chinatown,2020-08,23
Chinatown,2020-09,36
Chinatown,2020-10,41
Chinatown,2020-11,30
Chinatown,2020-12,28
Chinatown,2021-01,39
Chinatown,2021-02,30
Chinatown,2021-03,28
Chinatown,2021-04,32
Chinatown,2021-05,36
Chinatown,2021-06,54
Chinatown,2021-07,28
Chinatown,2021-08,31
Chinatown,2021-09,37
Chinatown,2021-10,47
Chinatown,2021-11,31
Chinatown,2021-12,31
Chinatown,2022-01,22
Chinatown,2022-02,37
Chinatown,2022-03,33
Chinatown,2022-04,25
Chinatown,2022-05,56
Chinatown,2022-06,53
Chinatown,2022-07,47
Chinatown,2022-08,36
Chinatown,2022-09,27
Chinatown,2022-10,31
Chinatown,2022-11,33
Chinatown,2022-12,35
Excelsior,2018-01,50
Excelsior,2018-02,50
Excelsior,2018-03,44
Excelsior,2018-04,47
Excelsior,2018-05,37
Excelsior,2018-06,32
Excelsior,2018-07,43
Excelsior,2018-08,56
Excelsior,2018-09,32
Excelsior,2018-10,35
Excelsior,2018-11,36
Excelsior,2018-12,31
Excelsior,2019-01,46
Excelsior,2019-02,39
Excelsior,2019-03,48
Excelsior,2019-04,48
Excelsior,2019-05,32
Excelsior,2019-06,42
Excelsior,2019-07,40
Excelsior,2019-08,31
Excelsior,2019-09,31
Excelsior,2019-10,38
Excelsior,2019-11,32
Excelsior,2019-12,31
Excelsior,2020-01,32
Excelsior,2020-02,25
Excelsior,2020-03,29
Excelsior,2020-04,37
Excelsior,2020-05,42
Excelsior,2020-06,26
Excelsior,2020-07,36
Excelsior,2020-08,50
Excelsior,2020-09,24
Excelsior,2020-10,40
Excelsior,2020-11,53
Excelsior,2020-12,34
Excelsior,2021-01,35
Excelsior,2021-02,43
Excelsior,2021-03,31
Excelsior,2021-04,47
Excelsior,2021-05,33
Excelsior,2021-06,45
Excelsior,2021-07,27
Excelsior,2021-08,47
Excelsior,2021-09,43
Excelsior,2021-10,30
Excelsior,2021-11,29
Excelsior,2021-12,18
Excelsior,2022-01,41
Excelsior,2022-02,28
Excelsior,2022-03,42
Excelsior,2022-04,22
Excelsior,2022-05,37
Excelsior,2022-06,43
Excelsior,2022-07,40
Excelsior,2022-08,35
Excelsior,2022-09,36
Excelsior,2022-10,44
Excelsior,2022-11,43
Excelsior,2022-12,33
Financial District/South Beach,2018-01,188
Financial District/South Beach,2018-02,152
Financial District/South Beach,2018-03,154
Financial District/South Beach,2018-04,181
Financial District/South Beach,2018-05,180
Financial District/South Beach,2018-06,212
Financial District/South Beach,2018-07,211
Financial District/South Beach,2018-08,203
Financial District/South Beach,2018-09,230
Financial District/South Beach,2018-10,186
Financial District/South Beach,2018-11,191
Financial District/South Beach,2018-12,215
Financial District/South Beach,2019-01,199
Financial District/South Beach,2019-02,176
Financial District/South Beach,2019-03,190
Financial District/South Beach,2019-04,158
Financial District/South Beach,2019-05,160
Financial District/South Beach,2019-06,160
Financial District/South Beach,2019-07,190
Financial District/South Beach,2019-08,226
Financial District/South Beach,2019-09,204
Financial District/South Beach,2019-10,179
Financial District/South Beach,2019-11,220
Financial District/South Beach,2019-12,175
Financial District/South Beach,2020-01,181
Financial District/South Beach,2020-02,180
Financial District/South Beach,2020-03,150
Financial District/South Beach,2020-04,104
Financial District/South Beach,2020-05,127
Financial District/South Beach,2020-06,85
Financial District/South Beach,2020-07,108
Financial District/South Beach,2020-08,106
Financial District/South Beach,2020-09,122
Financial District/South Beach,2020-10,111
Financial District/South Beach,2020-11,109
Financial District/South Beach,2020-12,111
Financial District/South Beach,2021-01,107
Financial District/South Beach,2021-02,136
Financial District/South Beach,2021-03,113
Financial District/South Beach,2021-04,116
Financial District/South Beach,2021-05,128
Financial District/South Beach,2021-06,127
Financial District/South Beach,2021-07,142
Financial District/South Beach,2021-08,139
Financial District/South Beach,2021-09,172
Financial District/South Beach,2021-10,155
Financial District/South Beach,2021-11,154
Financial District/South Beach,2021-12,126
Financial District/South Beach,2022-01,104
Financial District/South Beach,2022-02,92
Financial District/South Beach,2022-03,121
Financial District/South Beach,2022-04,120
Financial District/South Beach,2022-05,120
Financial District/South Beach,2022-06,153
Financial District/South Beach,2022-07,159
Financial District/South Beach,2022-08,130
Financial District/South Beach,2022-09,142
Financial District/South Beach,2022-10,126
Financial District/South Beach,2022-11,93
Financial District/South Beach,2022-12,110
Glen Park,2018-01,5
Glen Park,2018-02,4
Glen Park,2018-03,10
Glen Park,2018-04,11
Glen Park,2018-05,11
Glen Park,2018-06,5
Glen Park,2018-07,11
Glen Park,2018-08,17
Glen Park,2018-09,6
Glen Park,2018-10,11
Glen Park,2018-11,6
Glen Park,2018-12,12
Glen Park,2019-01,7
Glen Park,2019-02,6
Glen Park,2019-03,10
Glen Park,2019-04,8
Glen Park,2019-05,7
Glen Park,2019-06,11
Glen Park,2019-07,3
Glen Park,2019-08,7
Glen Park,2019-09,8
Glen Park,2019-10,11
Glen Park,2019-11,6
Glen Park,2019-12,9
Glen Park,2020-01,10
Glen Park,2020-02,3
Glen Park,2020-03,4
Glen Park,2020-04,12
Glen Park,2020-05,10
Glen Park,2020-06,10
Glen Park,2020-07,7
Glen Park,2020-08,13
Glen Park,2020-09,11
Glen Park,2020-10,13
Glen Park,2020-11,17
Glen Park,2020-12,8
Glen Park,2021-01,9
Glen Park,2021-02,9
Glen Park,2021-03,10
Glen Park,2021-04,8
Glen Park,2021-05,11
Glen Park,2021-06,12
Glen Park,2021-07,11
Glen Park,2021-08,4
Glen Park,2021-09,11
Glen Park,2021-10,5
Glen Park,2021-11,11
Glen Park,2021-12,7
Glen Park,2022-01,2
Glen Park,2022-02,7
Glen Park,2022-03,7
Glen Park,2022-04,7
Glen Park,2022-05,9
Glen Park,2022-06,7
Glen Park,2022-07,10
Glen Park,2022-08,6
Glen Park,2022-09,10
Glen Park,2022-10,10
Glen Park,2022-11,13
Glen Park,2022-12,5
Golden Gate Park,2018-01,24
Golden Gate Park,2018-02,12
Golden Gate Park,2018-03,17
Golden Gate Park,2018-04,14
Golden Gate Park,2018-05,9
Golden Gate Park,2018-06,12
Golden Gate Park,2018-07,9
Golden Gate Park,2018-08,23
Golden Gate Park,2018-09,22
Golden Gate Park,2018-10,16
Golden Gate Park,2018-11,20
Golden Gate Park,2018-12,17
Golden Gate Park,2019-01,13
Golden Gate Park,2019-02,17
Golden Gate Park,2019-03,13
Golden Gate Park,2019-04,14
Golden Gate Park,2019-05,9
Golden Gate Park,2019-06,6
Golden Gate Park,2019-07,20
Golden Gate Park,2019-08,29
Golden Gate Park,2019-09,12
Golden Gate Park,2019-10,15
Golden Gate Park,2019-11,9
Golden Gate Park,2019-12,11
Golden Gate Park,2020-01,19
Golden Gate Park,2020-02,13
Golden Gate Park,2020-03,10
Golden Gate Park,2020-04,14
Golden Gate Park,2020-05,5
Golden Gate Park,2020-06,9
Golden Gate Park,2020-07,19
Golden Gate Park,2020-08,6
Golden Gate Park,2020-09,7
Golden Gate Park,2020-10,11
Golden Gate Park,2020-11,2
Golden Gate Park,2020-12,7
Golden Gate Park,2021-01,10
Golden Gate Park,2021-02,11
Golden Gate Park,2021-03,9
Golden Gate Park,2021-04,10
Golden Gate Park,2021-05,10
Golden Gate Park,2021-06,19
Golden Gate Park,2021-07,13
Golden Gate Park,2021-08,11
Golden Gate Park,2021-09,14
Golden Gate Park,2021-10,15
Golden Gate Park,2021-11,10
Golden Gate Park,2021-12,12
Golden Gate Park,2022-01,12
Golden Gate Park,2022-02,6
Golden Gate Park,2022-03,12
Golden Gate Park,2022-04,20
Golden Gate Park,2022-05,5
Golden Gate Park,2022-06,16
Golden Gate Park,2022-07,24
Golden Gate Park,2022-08,12
Golden Gate Park,2022-09,12
Golden Gate Park,2022-10,13
Golden Gate Park,2022-11,11
Golden Gate Park,2022-12,14
Haight Ashbury,2018-01,28
Haight Ashbury,2018-02,23
Haight Ashbury,2018-03,22
Haight Ashbury,2018-04,25
Haight Ashbury,2018-05,35
Haight Ashbury,2018-06,24
Haight Ashbury,2018-07,21
Haight Ashbury,2018-08,23
Haight Ashbury,2018-09,19
Haight Ashbury,2018-10,45
Haight Ashbury,2018-11,25
Haight Ashbury,2018-12,27
Haight Ashbury,2019-01,27
Haight Ashbury,2019-02,29
Haight Ashbury,2019-03,20
Haight Ashbury,2019-04,24
Haight Ashbury,2019-05,30
Haight Ashbury,2019-06,28
Haight Ashbury,2019-07,30
Haight Ashbury,2019-08,56
Haight Ashbury,2019-09,19
Haight Ashbury,2019-10,44
Haight Ashbury,2019-11,16
Haight Ashbury,2019-12,28
Haight Ashbury,2020-01,32
Haight Ashbury,2020-02,23
Haight Ashbury,2020-03,29
Haight Ashbury,2020-04,21
Haight Ashbury,2020-05,15
Haight Ashbury,2020-06,18
Haight Ashbury,2020-07,18
Haight Ashbury,2020-08,18
Haight Ashbury,2020-09,41
Haight Ashbury,2020-10,35
Haight Ashbury,2020-11,19
Haight Ashbury,2020-12,19
Haight Ashbury,2021-01,12
Haight Ashbury,2021-02,26
Haight Ashbury,2021-03,12
Haight Ashbury,2021-04,15
Haight Ashbury,2021-05,20
Haight Ashbury,2021-06,23
Haight Ashbury,2021-07,27
Haight Ashbury,2021-08,24
Haight Ashbury,2021-09,16
Haight Ashbury,2021-10,17
Haight Ashbury,2021-11,19
Haight Ashbury,2021-12,28
Haight Ashbury,2022-01,18
Haight Ashbury,2022-02,17
Haight Ashbury,2022-03,17
Haight Ashbury,2022-04,19
Haight Ashbury,2022-05,19
Haight Ashbury,2022-06,19
Haight Ashbury,2022-07,26
Haight Ashbury,2022-08,12
Haight Ashbury,2022-09,24
Haight Ashbury,2022-10,34
Haight Ashbury,2022-11,6
Haight Ashbury,2022-12,18
Hayes Valley,2018-01,27
Hayes Valley,2018-02,27
Hayes Valley,2018-03,22
Hayes Valley,2018-04,41
Hayes Valley,2018-05,37
Hayes Valley,2018-06,39
Hayes Valley,2018-07,38
Hayes Valley,2018-08,37
Hayes Valley,2018-09,30
Hayes Valley,2018-10,30
Hayes Valley,2018-11,39
Hayes Valley,2018-12,29
Hayes Valley,2019-01,43
Hayes Valley,2019-02,32
Hayes Valley,2019-03,48
Hayes Valley,2019-04,47
Hayes Valley,2019-05,44
Hayes Valley,2019-06,47
Hayes Valley,2019-07,34
Hayes Valley,2019-08,33
Hayes Valley,2019-09,49
Hayes Valley,2019-10,57
Hayes Valley,2019-11,41
Hayes Valley,2019-12,37
Hayes Valley,2020-01,43
Hayes Valley,2020-02,40
Hayes Valley,2020-03,30
Hayes Valley,2020-04,32
Hayes Valley,2020-05,46
Hayes Valley,2020-06,42
Hayes Valley,2020-07,41
Hayes Valley,2020-08,38
Hayes Valley,2020-09,48
Hayes Valley,2020-10,35
Hayes Valley,2020-11,34
Hayes Valley,2020-12,47
Hayes Valley,2021-01,36
Hayes Valley,2021-02,28
Hayes Valley,2021-03,48
Hayes Valley,2021-04,26
Hayes Valley,2021-05,35
Hayes Valley,2021-06,35
Hayes Valley,2021-07,51
Hayes Valley,2021-08,49
Hayes Valley,2021-09,49
Hayes Valley,2021-10,44
Hayes Valley,2021-11,42
Hayes Valley,2021-12,32
Hayes Valley,2022-01,45
Hayes Valley,2022-02,43
Hayes Valley,2022-03,39
Hayes Valley,2022-04,35
Hayes Valley,2022-05,36
Hayes Valley,2022-06,44
Hayes Valley,2022-07,43
Hayes Valley,2022-08,35
Hayes Valley,2022-09,45
Hayes Valley,2022-10,37
Hayes Valley,2022-11,35
Hayes Valley,2022-12,38
Inner Richmond,2018-01,20
Inner Richmond,2018-02,27
Inner Richmond,2018-03,23
Inner Richmond,2018-04,28
Inner Richmond,2018-05,19
Inner Richmond,2018-06,19
Inner Richmond,2018-07,20
Inner Richmond,2018-08,16
Inner Richmond,2018-09,26
Inner Richmond,2018-10,28
Inner Richmond,2018-11,21
Inner Richmond,2018-12,21
Inner Richmond,2019-01,32
Inner Richmond,2019-02,26
Inner Richmond,2019-03,29
Inner Richmond,2019-04,26
Inner Richmond,2019-05,26
Inner Richmond,2019-06,28
Inner Richmond,2019-07,13
Inner Richmond,2019-08,10
Inner Richmond,2019-09,24
Inner Richmond,2019-10,22
Inner Richmond,2019-11,24
Inner Richmond,2019-12,30
Inner Richmond,2020-01,26
Inner Richmond,2020-02,16
Inner Richmond,2020-03,20
Inner Richmond,2020-04,9
Inner Richmond,2020-05,31
Inner Richmond,2020-06,19
Inner Richmond,2020-07,9
Inner Richmond,2020-08,19
Inner Richmond,2020-09,24
Inner Richmond,2020-10,28
Inner Richmond,2020-11,20
Inner Richmond,2020-12,32
Inner Richmond,2021-01,27
Inner Richmond,2021-02,32
Inner Richmond,2021-03,34
Inner Richmond,2021-04,18
Inner Richmond,2021-05,21
Inner Richmond,2021-06,18
Inner Richmond,2021-07,34
Inner Richmond,2021-08,27
Inner Richmond,2021-09,24
Inner Richmond,2021-10,17
Inner Richmond,2021-11,19
Inner Richmond,2021-12,21
Inner Richmond,2022-01,17
Inner Richmond,2022-02,35
Inner Richmond,2022-03,27
Inner Richmond,2022-04,30
Inner Richmond,2022-05,30
Inner Richmond,2022-06,22
Inner Richmond,2022-07,15
Inner Richmond,2022-08,24
Inner Richmond,2022-09,26
Inner Richmond,2022-10,23
Inner Richmond,2022-11,21
Inner Richmond,2022-12,20
Inner Sunset,2018-01,18
Inner Sunset,2018-02,20
Inner Sunset,2018-03,19
Inner Sunset,2018-04,23
Inner Sunset,2018-05,17
Inner Sunset,2018-06,26
Inner Sunset,2018-07,19
Inner Sunset,2018-08,19
Inner Sunset,2018-09,23
Inner Sunset,2018-10,28
Inner Sunset,2018-11,22
Inner Sunset,2018-12,20
Inner Sunset,2019-01,18
Inner Sunset,2019-02,27
Inner Sunset,2019-03,18
Inner Sunset,2019-04,20
Inner Sunset,2019-05,20
Inner Sunset,2019-06,24
Inner Sunset,2019-07,22
Inner Sunset,2019-08,35
Inner Sunset,2019-09,23
Inner Sunset,2019-10,27
Inner Sunset,2019-11,28
Inner Sunset,2019-12,39
Inner Sunset,2020-01,20
Inner Sunset,2020-02,25
Inner Sunset,2020-03,17
Inner Sunset,2020-04,17
Inner Sunset,2020-05,18
Inner Sunset,2020-06,15
Inner Sunset,2020-07,27
Inner Sunset,2020-08,10
Inner Sunset,2020-09,12
Inner Sunset,2020-10,23
Inner Sunset,2020-11,18
Inner Sunset,2020-12,15
Inner Sunset,2021-01,14
Inner Sunset,2021-02,14
Inner Sunset,2021-03,21
Inner Sunset,2021-04,24
Inner Sunset,2021-05,14
Inner Sunset,2021-06,19
Inner Sunset,2021-07,26
Inner Sunset,2021-08,16
Inner Sunset,2021-09,20
Inner Sunset,2021-10,18
Inner Sunset,2021-11,32
Inner Sunset,2021-12,16
Inner Sunset,2022-01,18
Inner Sunset,2022-02,21
Inner Sunset,2022-03,22
Inner Sunset,2022-04,25
Inner Sunset,2022-05,15
Inner Sunset,2022-06,15
Inner Sunset,2022-07,29
Inner Sunset,2022-08,11
Inner Sunset,2022-09,27
Inner Sunset,2022-10,18
Inner Sunset,2022-11,24
Inner Sunset,2022-12,20
Japantown,2018-01,23
Japantown,2018-02,7
Japantown,2018-03,11
Japantown,2018-04,15
Japantown,2018-05,12
Japantown,2018-06,8
Japantown,2018-07,12
Japantown,2018-08,16
Japantown,2018-09,8
Japantown,2018-10,9
Japantown,2018-11,13
Japantown,2018-12,17
Japantown,2019-01,17
Japantown,2019-02,12
Japantown,2019-03,18
Japantown,2019-04,14
Japantown,2019-05,23
Japantown,2019-06,13
Japantown,2019-07,16
Japantown,2019-08,10
Japantown,2019-09,19
Japantown,2019-10,12
Japantown,2019-11,10
Japantown,2019-12,19
Japantown,2020-01,16
Japantown,2020-02,11
Japantown,2020-03,11
Japantown,2020-04,7
Japantown,2020-05,8
Japantown,2020-06,9
Japantown,2020-07,16
Japantown,2020-08,2
Japantown,2020-09,4
Japantown,2020-10,13
Japantown,2020-11,10
Japantown,2020-12,7
Japantown,2021-01,10
Japantown,2021-02,8
Japantown,2021-03,13
Japantown,2021-04,6
Japantown,2021-05,10
Japantown,2021-06,9
Japantown,2021-07,6
Japantown,2021-08,14
Japantown,2021-09,15
Japantown,2021-10,11
Japantown,2021-11,13
Japantown,2021-12,3
Japantown,2022-01,18
Japantown,2022-02,11
Japantown,2022-03,27
Japantown,2022-04,17
Japantown,2022-05,10
Japantown,2022-06,11
Japantown,2022-07,10
Japantown,2022-08,7
Japantown,2022-09,13
Japantown,2022-10,11
Japantown,2022-11,13
Japantown,2022-12,18
Lakeshore,2018-01,29
Lakeshore,2018-02,31
Lakeshore,2018-03,40
Lakeshore,2018-04,15
Lakeshore,2018-05,28
Lakeshore,2018-06,28
Lakeshore,2018-07,22
Lakeshore,2018-08,19
Lakeshore,2018-09,34
Lakeshore,2018-10,17
Lakeshore,2018-11,20
Lakeshore,2018-12,36
Lakeshore,2019-01,24
Lakeshore,2019-02,23
Lakeshore,2019-03,19
Lakeshore,2019-04,21
Lakeshore,2019-05,32
Lakeshore,2019-06,24
Lakeshore,2019-07,14
Lakeshore,2019-08,27
Lakeshore,2019-09,22
Lakeshore,2019-10,30
Lakeshore,2019-11,25
Lakeshore,2019-12,17
Lakeshore,2020-01,26
Lakeshore,2020-02,19
Lakeshore,2020-03,15
Lakeshore,2020-04,11
Lakeshore,2020-05,14
Lakeshore,2020-06,15
Lakeshore,2020-07,17
Lakeshore,2020-08,22
Lakeshore,2020-09,25
Lakeshore,2020-10,19
Lakeshore,2020-11,18
Lakeshore,2020-12,21
Lakeshore,2021-01,28
Lakeshore,2021-02,16
Lakeshore,2021-03,17
Lakeshore,2021-04,17
Lakeshore,2021-05,25
Lakeshore,2021-06,24
Lakeshore,2021-07,16
Lakeshore,2021-08,31
Lakeshore,2021-09,31
Lakeshore,2021-10,22
Lakeshore,2021-11,21
Lakeshore,2021-12,26
Lakeshore,2022-01,15
Lakeshore,2022-02,23
Lakeshore,2022-03,23
Lakeshore,2022-04,19
Lakeshore,2022-05,20
Lakeshore,2022-06,23
Lakeshore,2022-07,39
Lakeshore,2022-08,17
Lakeshore,2022-09,17
Lakeshore,2022-10,16
Lakeshore,2022-11,14
Lakeshore,2022-12,35
Lincoln Park,2018-01,1
Lincoln Park,2018-03,1
Lincoln Park,2018-04,3
Lincoln Park,2018-08,1
Lincoln Park,2018-09,2
Lincoln Park,2018-10,1
Lincoln Park,2018-11,2
Lincoln Park,2018-12,2
Lincoln Park,2019-01,2
Lincoln Park,2019-02,2
Lincoln Park,2019-04,2
Lincoln Park,2019-06,3
Lincoln Park,2019-07,3
Lincoln Park,2019-10,1
Lincoln Park,2019-12,1
Lincoln Park,2020-01,3
Lincoln Park,2020-02,1
Lincoln Park,2020-06,1
Lincoln Park,2020-08,3
Lincoln Park,2020-11,1
Lincoln Park,2020-12,3
Lincoln Park,2021-01,2
Lincoln Park,2021-02,1
Lincoln Park,2021-03,2
Lincoln Park,2021-05,2
Lincoln Park,2021-06,1
Lincoln Park,2021-07,1
Lincoln Park,2021-10,2
Lincoln Park,2021-11,4
Lincoln Park,2021-12,1
Lincoln Park,2022-02,1
Lincoln Park,2022-03,3
Lincoln Park,2022-06,6
Lincoln Park,2022-07,1
Lincoln Park,2022-08,2
Lincoln Park,2022-11,3
Lone Mountain/USF,2018-01,21
Lone Mountain/USF,2018-02,25
Lone Mountain/USF,2018-03,20
Lone Mountain/USF,2018-04,30
Lone Mountain/USF,2018-05,14
Lone Mountain/USF,2018-06,13
Lone Mountain/USF,2018-07,23
Lone Mountain/USF,2018-08,12
Lone Mountain/USF,2018-09,26
Lone Mountain/USF,2018-10,36
Lone Mountain/USF,2018-11,17
Lone Mountain/USF,2018-12,19
Lone Mountain/USF,2019-01,16
Lone Mountain/USF,2019-02,23
Lone Mountain/USF,2019-03,18
Lone Mountain/USF,2019-04,16
Lone Mountain/USF,2019-05,24
Lone Mountain/USF,2019-06,26
Lone Mountain/USF,2019-07,31
Lone Mountain/USF,2019-08,13
Lone Mountain/USF,2019-09,23
Lone Mountain/USF,2019-10,20
Lone Mountain/USF,2019-11,17
Lone Mountain/USF,2019-12,13
Lone Mountain/USF,2020-01,15
Lone Mountain/USF,2020-02,17
Lone Mountain/USF,2020-03,16
Lone Mountain/USF,2020-04,10
Lone Mountain/USF,2020-05,7
Lone Mountain/USF,2020-06,17
Lone Mountain/USF,2020-07,12
Lone Mountain/USF,2020-08,16
Lone Mountain/USF,2020-09,20
Lone Mountain/USF,2020-10,8
Lone Mountain/USF,2020-11,8
Lone Mountain/USF,2020-12,17
Lone Mountain/USF,2021-01,16
Lone Mountain/USF,2021-02,24
Lone Mountain/USF,2021-03,22
Lone Mountain/USF,2021-04,14
Lone Mountain/USF,2021-05,10
Lone Mountain/USF,2021-06,14
Lone Mountain/USF,2021-07,27
Lone Mountain/USF,2021-08,18
Lone Mountain/USF,2021-09,13
Lone Mountain/USF,2021-10,12
Lone Mountain/USF,2021-11,11
Lone Mountain/USF,2021-12,19
Lone Mountain/USF,2022-01,12
Lone Mountain/USF,2022-02,8
Lone Mountain/USF,2022-03,19
Lone Mountain/USF,2022-04,17
Lone Mountain/USF,2022-05,9
Lone Mountain/USF,2022-06,20
Lone Mountain/USF,2022-07,20
Lone Mountain/USF,2022-08,12
Lone Mountain/USF,2022-09,21
Lone Mountain/USF,2022-10,20
Lone Mountain/USF,2022-11,17
Lone Mountain/USF,2022-12,14
Marina,2018-01,32
Marina,2018-02,40
Marina,2018-03,52
Marina,2018-04,39
Marina,2018-05,25
Marina,2018-06,36
Marina,2018-07,38
Marina,2018-08,32
Marina,2018-09,27
Marina,2018-10,27
Marina,2018-11,17
Marina,2018-12,27
Marina,2019-01,42
Marina,2019-02,43
Marina,2019-03,26
Marina,2019-04,33
Marina,2019-05,35
Marina,2019-06,45
Marina,2019-07,33
Marina,2019-08,27
Marina,2019-09,44
Marina,2019-10,52
Marina,2019-11,62
Marina,2019-12,48
Marina,2020-01,60
Marina,2020-02,40
Marina,2020-03,51
Marina,2020-04,35
Marina,2020-05,40
Marina,2020-06,31
Marina,2020-07,34
Marina,2020-08,40
Marina,2020-09,57
Marina,2020-10,23
Marina,2020-11,47
Marina,2020-12,53
Marina,2021-01,54
Marina,2021-02,50
Marina,2021-03,51
Marina,2021-04,57
Marina,2021-05,45
Marina,2021-06,44
Marina,2021-07,56
Marina,2021-08,48
Marina,2021-09,59
Marina,2021-10,53
Marina,2021-11,40
Marina,2021-12,35
Marina,2022-01,50
Marina,2022-02,51
Marina,2022-03,66
Marina,2022-04,51
Marina,2022-05,50
Marina,2022-06,39
Marina,2022-07,43
Marina,2022-08,44
Marina,2022-09,43
Marina,2022-10,38
Marina,2022-11,46
Marina,2022-12,47
McLaren Park,2018-01,4
McLaren Park,2018-02,1
McLaren Park,2018-03,1
McLaren Park,2018-04,6
McLaren Park,2018-05,1
McLaren Park,2018-06,1
McLaren Park,2018-07,3
McLaren Park,2018-08,1
McLaren Park,2018-09,2
McLaren Park,2018-11,2
McLaren Park,2018-12,1
McLaren Park,2019-03,9
McLaren Park,2019-05,1
McLaren Park,2019-06,2
McLaren Park,2019-08,3
McLaren Park,2019-09,2
McLaren Park,2019-10,1
McLaren Park,2019-11,3
McLaren Park,2019-12,2
McLaren Park,2020-01,1
McLaren Park,2020-02,1
McLaren Park,2020-03,1
McLaren Park,2020-04,1
McLaren Park,2020-05,1
McLaren Park,2020-06,1
McLaren Park,2020-07,3
McLaren Park,2020-08,2
McLaren Park,2020-09,2
McLaren Park,2020-10,1
McLaren Park,2020-11,1
McLaren Park,2020-12,1
McLaren Park,2021-02,2
McLaren Park,2021-04,2
McLaren Park,2021-05,2
McLaren Park,2021-06,1
McLaren Park,2021-07,2
McLaren Park,2021-08,3
McLaren Park,2021-09,1
McLaren Park,2021-10,3
McLaren Park,2021-11,1
McLaren Park,2021-12,2
McLaren Park,2022-02,1
McLaren Park,2022-03,2
McLaren Park,2022-04,1
McLaren Park,2022-05,2
McLaren Park,2022-06,3
McLaren Park,2022-07,2
McLaren Park,2022-08,5
McLaren Park,2022-09,1
McLaren Park,2022-10,2
McLaren Park,2022-11,2
McLaren Park,2022-12,4
Mission,2018-01,203
Mission,2018-02,225
Mission,2018-03,266
Mission,2018-04,229
Mission,2018-05,274
Mission,2018-06,240
Mission,2018-07,272
Mission,2018-08,281
Mission,2018-09,289
Mission,2018-10,182
Mission,2018-11,233
Mission,2018-12,192
Mission,2019-01,250
Mission,2019-02,178
Mission,2019-03,201
Mission,2019-04,220
Mission,2019-05,217
Mission,2019-06,223
Mission,2019-07,246
Mission,2019-08,250
Mission,2019-09,233
Mission,2019-10,234
Mission,2019-11,185
Mission,2019-12,183
Mission,2020-01,224
Mission,2020-02,254
Mission,2020-03,209
Mission,2020-04,183
Mission,2020-05,169
Mission,2020-06,154
Mission,2020-07,159
Mission,2020-08,163
Mission,2020-09,149
Mission,2020-10,168
Mission,2020-11,144
Mission,2020-12,170
Mission,2021-01,169
Mission,2021-02,171
Mission,2021-03,192
Mission,2021-04,154
Mission,2021-05,166
Mission,2021-06,193
Mission,2021-07,201
Mission,2021-08,210
Mission,2021-09,192
Mission,2021-10,185
Mission,2021-11,189
Mission,2021-12,179
Mission,2022-01,172
Mission,2022-02,150
Mission,2022-03,182
Mission,2022-04,216
Mission,2022-05,231
Mission,2022-06,212
Mission,2022-07,238
Mission,2022-08,210
Mission,2022-09,193
Mission,2022-10,201
Mission,2022-11,188
Mission,2022-12,177
Mission Bay,2018-01,39
Mission Bay,2018-02,22
Mission Bay,2018-03,55
Mission Bay,2018-04,39
Mission Bay,2018-05,39
Mission Bay,2018-06,40
Mission Bay,2018-07,51
Mission Bay,2018-08,39
Mission Bay,2018-09,40
Mission Bay,2018-10,37
Mission Bay,2018-11,34
Mission Bay,2018-12,42
Mission Bay,2019-01,64
Mission Bay,2019-02,22
Mission Bay,2019-03,36
Mission Bay,2019-04,33
Mission Bay,2019-05,52
Mission Bay,2019-06,40
Mission Bay,2019-07,42
Mission Bay,2019-08,40
Mission Bay,2019-09,46
Mission Bay,2019-10,43
Mission Bay,2019-11,47
Mission Bay,2019-12,34
Mission Bay,2020-01,53
Mission Bay,2020-02,37
Mission Bay,2020-03,32
Mission Bay,2020-04,25
Mission Bay,2020-05,34
Mission Bay,2020-06,42
Mission Bay,2020-07,57
Mission Bay,2020-08,46
Mission Bay,2020-09,41
Mission Bay,2020-10,70
Mission Bay,2020-11,32
Mission Bay,2020-12,47
Mission Bay,2021-01,57
Mission Bay,2021-02,36
Mission Bay,2021-03,33
Mission Bay,2021-04,42
Mission Bay,2021-05,62
Mission Bay,2021-06,44
Mission Bay,2021-07,37
Mission Bay,2021-08,35
Mission Bay,2021-09,39
Mission Bay,2021-10,41
Mission Bay,2021-11,37
Mission Bay,2021-12,32
Mission Bay,2022-01,26
Mission Bay,2022-02,47
Mission Bay,2022-03,45
Mission Bay,2022-04,53
Mission Bay,2022-05,40
Mission Bay,2022-06,47
Mission Bay,2022-07,45
Mission Bay,2022-08,23
Mission Bay,2022-09,30
Mission Bay,2022-10,23
Mission Bay,2022-11,34
Mission Bay,2022-12,32
Nob Hill,2018-01,57
Nob Hill,2018-02,41
Nob Hill,2018-03,57
Nob Hill,2018-04,60
Nob Hill,2018-05,35
Nob Hill,2018-06,59
Nob Hill,2018-07,47
Nob Hill,2018-08,60
Nob Hill,2018-09,55
Nob Hill,2018-10,59
Nob Hill,2018-11,29
Nob Hill,2018-12,49
Nob Hill,2019-01,38
Nob Hill,2019-02,52
Nob Hill,2019-03,58
Nob Hill,2019-04,75
Nob Hill,2019-05,65
Nob Hill,2019-06,65
Nob Hill,2019-07,79
Nob Hill,2019-08,60
Nob Hill,2019-09,62
Nob Hill,2019-10,66
Nob Hill,2019-11,41
Nob Hill,2019-12,60
Nob Hill,2020-01,69
Nob Hill,2020-02,58
Nob Hill,2020-03,71
Nob Hill,2020-04,68
Nob Hill,2020-05,86
Nob Hill,2020-06,44
Nob Hill,2020-07,62
Nob Hill,2020-08,35
Nob Hill,2020-09,64
Nob Hill,2020-10,64
Nob Hill,2020-11,53
Nob Hill,2020-12,58
Nob Hill,2021-01,68
Nob Hill,2021-02,43
Nob Hill,2021-03,75
Nob Hill,2021-04,65
Nob Hill,2021-05,46
Nob Hill,2021-06,42
Nob Hill,2021-07,58
Nob Hill,2021-08,62
Nob Hill,2021-09,58
Nob Hill,2021-10,71
Nob Hill,2021-11,55
Nob Hill,2021-12,58
Nob Hill,2022-01,53
Nob Hill,2022-02,45
Nob Hill,2022-03,63
Nob Hill,2022-04,58
Nob Hill,2022-05,54
Nob Hill,2022-06,59
Nob Hill,2022-07,38
Nob Hill,2022-08,66
Nob Hill,2022-09,68
Nob Hill,2022-10,48
Nob Hill,2022-11,51
Nob Hill,2022-12,40
Noe Valley,2018-01,21
Noe Valley,2018-02,12
Noe Valley,2018-03,13
Noe Valley,2018-04,20
Noe Valley,2018-05,8
Noe Valley,2018-06,13
Noe Valley,2018-07,17
Noe Valley,2018-08,16
Noe Valley,2018-09,27
Noe Valley,2018-10,7
Noe Valley,2018-11,18
Noe Valley,2018-12,19
Noe Valley,2019-01,16
Noe Valley,2019-02,15
Noe Valley,2019-03,22
Noe Valley,2019-04,20
Noe Valley,2019-05,13
Noe Valley,2019-06,12
Noe Valley,2019-07,17
Noe Valley,2019-08,20
Noe Valley,2019-09,25
Noe Valley,2019-10,5
Noe Valley,2019-11,26
Noe Valley,2019-12,17
Noe Valley,2020-01,16
Noe Valley,2020-02,20
Noe Valley,2020-03,10
Noe Valley,2020-04,21
Noe Valley,2020-05,17
Noe Valley,2020-06,11
Noe Valley,2020-07,14
Noe Valley,2020-08,16
Noe Valley,2020-09,12
Noe Valley,2020-10,22
Noe Valley,2020-11,14
Noe Valley,2020-12,19
Noe Valley,2021-01,22
Noe Valley,2021-02,22
Noe Valley,2021-03,23
Noe Valley,2021-04,14
Noe Valley,2021-05,17
Noe Valley,2021-06,15
Noe Valley,2021-07,15
Noe Valley,2021-08,14
Noe Valley,2021-09,14
Noe Valley,2021-10,22
Noe Valley,2021-11,23
Noe Valley,2021-12,28
Noe Valley,2022-01,29
Noe Valley,2022-02,17
Noe Valley,2022-03,17
Noe Valley,2022-04,26
Noe Valley,2022-05,13
Noe Valley,2022-06,6
Noe Valley,2022-07,25
Noe Valley,2022-08,18
Noe Valley,2022-09,23
Noe Valley,2022-10,17
Noe Valley,2022-11,12
Noe Valley,2022-12,14
North Beach,2018-01,60
North Beach,2018-02,52
North Beach,2018-03,48
North Beach,2018-04,51
North Beach,2018-05,43
North Beach,2018-06,61
North Beach,2018-07,68
North Beach,2018-08,67
North Beach,2018-09,90
North Beach,2018-10,67
North Beach,2018-11,52
North Beach,2018-12,72
North Beach,2019-01,63
North Beach,2019-02,49
North Beach,2019-03,39
North Beach,2019-04,46
North Beach,2019-05,53
North Beach,2019-06,46
North Beach,2019-07,68
North Beach,2019-08,62
North Beach,2019-09,42
North Beach,2019-10,73
North Beach,2019-11,42
North Beach,2019-12,39
North Beach,2020-01,56
North Beach,2020-02,43
North Beach,2020-03,43
North Beach,2020-04,33
North Beach,2020-05,25
North Beach,2020-06,26
North Beach,2020-07,28
North Beach,2020-08,42
North Beach,2020-09,27
North Beach,2020-10,45
North Beach,2020-11,31
North Beach,2020-12,31
North Beach,2021-01,34
North Beach,2021-02,35
North Beach,2021-03,34
North Beach,2021-04,44
North Beach,2021-05,75
North Beach,2021-06,67
North Beach,2021-07,37
North Beach,2021-08,61
North Beach,2021-09,54
North Beach,2021-10,55
North Beach,2021-11,58
North Beach,2021-12,32
North Beach,2022-01,36
North Beach,2022-02,36
North Beach,2022-03,48
North Beach,2022-04,41
North Beach,2022-05,40
North Beach,2022-06,43
North Beach,2022-07,44
North Beach,2022-08,50
North Beach,2022-09,64
North Beach,2022-10,50
North Beach,2022-11,41
North Beach,2022-12,34
Oceanview/Merced/Ingleside,2018-01,40
Oceanview/Merced/Ingleside,2018-02,16
Oceanview/Merced/Ingleside,2018-03,29
Oceanview/Merced/Ingleside,2018-04,25
Oceanview/Merced/Ingleside,2018-05,25
Oceanview/Merced/Ingleside,2018-06,21
Oceanview/Merced/Ingleside,2018-07,42
Oceanview/Merced/Ingleside,2018-08,23
Oceanview/Merced/Ingleside,2018-09,33
Oceanview/Merced/Ingleside,2018-10,36
Oceanview/Merced/Ingleside,2018-11,26
Oceanview/Merced/Ingleside,2018-12,24
Oceanview/Merced/Ingleside,2019-01,28
Oceanview/Merced/Ingleside,2019-02,28
Oceanview/Merced/Ingleside,2019-03,19
Oceanview/Merced/Ingleside,2019-04,32
Oceanview/Merced/Ingleside,2019-05,22
Oceanview/Merced/Ingleside,2019-06,31
Oceanview/Merced/Ingleside,2019-07,33
Oceanview/Merced/Ingleside,2019-08,37
Oceanview/Merced/Ingleside,2019-09,30
Oceanview/Merced/Ingleside,2019-10,30
Oceanview/Merced/Ingleside,2019-11,14
Oceanview/Merced/Ingleside,2019-12,38
Oceanview/Merced/Ingleside,2020-01,16
Oceanview/Merced/Ingleside,2020-02,20
Oceanview/Merced/Ingleside,2020-03,23
Oceanview/Merced/Ingleside,2020-04,20
Oceanview/Merced/Ingleside,2020-05,22
Oceanview/Merced/Ingleside,2020-06,18
Oceanview/Merced/Ingleside,2020-07,20
Oceanview/Merced/Ingleside,2020-08,30
Oceanview/Merced/Ingleside,2020-09,28
Oceanview/Merced/Ingleside,2020-10,32
Oceanview/Merced/Ingleside,2020-11,10
Oceanview/Merced/Ingleside,2020-12,10
Oceanview/Merced/Ingleside,2021-01,23
Oceanview/Merced/Ingleside,2021-02,17
Oceanview/Merced/Ingleside,2021-03,20
Oceanview/Merced/Ingleside,2021-04,31
Oceanview/Merced/Ingleside,2021-05,18
Oceanview/Merced/Ingleside,2021-06,41
Oceanview/Merced/Ingleside,2021-07,29
Oceanview/Merced/Ingleside,2021-08,36
Oceanview/Merced/Ingleside,2021-09,18
Oceanview/Merced/Ingleside,2021-10,30
Oceanview/Merced/Ingleside,2021-11,20
Oceanview/Merced/Ingleside,2021-12,22
Oceanview/Merced/Ingleside,2022-01,36
Oceanview/Merced/Ingleside,2022-02,24
Oceanview/Merced/Ingleside,2022-03,29
Oceanview/Merced/Ingleside,2022-04,27
Oceanview/Merced/Ingleside,2022-05,16
Oceanview/Merced/Ingleside,2022-06,22
Oceanview/Merced/Ingleside,2022-07,40
Oceanview/Merced/Ingleside,2022-08,30
Oceanview/Merced/Ingleside,2022-09,14
Oceanview/Merced/Ingleside,2022-10,26
Oceanview/Merced/Ingleside,2022-11,18
Oceanview/Merced/Ingleside,2022-12,25
Outer Mission,2018-01,38
Outer Mission,2018-02,25
Outer Mission,2018-03,24
Outer Mission,2018-04,32
Outer Mission,2018-05,29
Outer Mission,2018-06,19
Outer Mission,2018-07,33
Outer Mission,2018-08,28
Outer Mission,2018-09,32
Outer Mission,2018-10,39
Outer Mission,2018-11,22
Outer Mission,2018-12,31
Outer Mission,2019-01,17
Outer Mission,2019-02,31
Outer Mission,2019-03,40
Outer Mission,2019-04,29
Outer Mission,2019-05,32
Outer Mission,2019-06,24
Outer Mission,2019-07,37
Outer Mission,2019-08,29
Outer Mission,2019-09,38
Outer Mission,2019-10,34
Outer Mission,2019-11,34
Outer Mission,2019-12,25
Outer Mission,2020-01,27
Outer Mission,2020-02,34
Outer Mission,2020-03,26
Outer Mission,2020-04,24
Outer Mission,2020-05,35
Outer Mission,2020-06,24
Outer Mission,2020-07,29
Outer Mission,2020-08,28
Outer Mission,2020-09,37
Outer Mission,2020-10,27
Outer Mission,2020-11,20
Outer Mission,2020-12,51
Outer Mission,2021-01,43
Outer Mission,2021-02,28
Outer Mission,2021-03,26
Outer Mission,2021-04,23
Outer Mission,2021-05,33
Outer Mission,2021-06,40
Outer Mission,2021-07,21
Outer Mission,2021-08,32
Outer Mission,2021-09,30
Outer Mission,2021-10,34
Outer Mission,2021-11,37
Outer Mission,2021-12,27
Outer Mission,2022-01,31
Outer Mission,2022-02,22
Outer Mission,2022-03,29
Outer Mission,2022-04,21
Outer Mission,2022-05,27
Outer Mission,2022-06,19
Outer Mission,2022-07,29
Outer Mission,2022-08,38
Outer Mission,2022-09,28
Outer Mission,2022-10,24
Outer Mission,2022-11,44
Outer Mission,2022-12,27
Outer Richmond,2018-01,41
Outer Richmond,2018-02,33
Outer Richmond,2018-03,39
Outer Richmond,2018-04,51
Outer Richmond,2018-05,62
Outer Richmond,2018-06,25
Outer Richmond,2018-07,50
Outer Richmond,2018-08,36
Outer Richmond,2018-09,31
Outer Richmond,2018-10,51
Outer Richmond,2018-11,46
Outer Richmond,2018-12,38
Outer Richmond,2019-01,61
Outer Richmond,2019-02,34
Outer Richmond,2019-03,40
Outer Richmond,2019-04,39
Outer Richmond,2019-05,49
Outer Richmond,2019-06,36
Outer Richmond,2019-07,33
Outer Richmond,2019-08,58
Outer Richmond,2019-09,37
Outer Richmond,2019-10,52
Outer Richmond,2019-11,46
Outer Richmond,2019-12,33
Outer Richmond,2020-01,36
Outer Richmond,2020-02,36
Outer Richmond,2020-03,40
Outer Richmond,2020-04,34
Outer Richmond,2020-05,34
Outer Richmond,2020-06,40
Outer Richmond,2020-07,47
Outer Richmond,2020-08,46
Outer Richmond,2020-09,52
Outer Richmond,2020-10,49
Outer Richmond,2020-11,26
Outer Richmond,2020-12,27
Outer Richmond,2021-01,34
Outer Richmond,2021-02,50
Outer Richmond,2021-03,34
Outer Richmond,2021-04,36
Outer Richmond,2021-05,49
Outer Richmond,2021-06,53
Outer Richmond,2021-07,58
Outer Richmond,2021-08,47
Outer Richmond,2021-09,55
Outer Richmond,2021-10,55
Outer Richmond,2021-11,29
Outer Richmond,2021-12,42
Outer Richmond,2022-01,46
Outer Richmond,2022-02,39
Outer Richmond,2022-03,44
Outer Richmond,2022-04,53
Outer Richmond,2022-05,50
Outer Richmond,2022-06,57
Outer Richmond,2022-07,53
Outer Richmond,2022-08,57
Outer Richmond,2022-09,52
Outer Richmond,2022-10,33
Outer Richmond,2022-11,39
Outer Richmond,2022-12,33
Pacific Heights,2018-01,31
Pacific Heights,2018-02,17
Pacific Heights,2018-03,23
Pacific Heights,2018-04,30
Pacific Heights,2018-05,22
Pacific Heights,2018-06,28
Pacific Heights,2018-07,22
Pacific Heights,2018-08,23
Pacific Heights,2018-09,32
Pacific Heights,2018-10,27
Pacific Heights,2018-11,17
Pacific Heights,2018-12,32
Pacific Heights,2019-01,35
Pacific Heights,2019-02,32
Pacific Heights,2019-03,28
Pacific Heights,2019-04,28
Pacific Heights,2019-05,33
Pacific Heights,2019-06,28
Pacific Heights,2019-07,26
Pacific Heights,2019-08,34
Pacific Heights,2019-09,31
Pacific Heights,2019-10,27
Pacific Heights,2019-11,30
Pacific Heights,2019-12,21
Pacific Heights,2020-01,36
Pacific Heights,2020-02,28
Pacific Heights,2020-03,31
Pacific Heights,2020-04,18
Pacific Heights,2020-05,37
Pacific Heights,2020-06,36
Pacific Heights,2020-07,33
Pacific Heights,2020-08,30
Pacific Heights,2020-09,24
Pacific Heights,2020-10,26
Pacific Heights,2020-11,30
Pacific Heights,2020-12,26
Pacific Heights,2021-01,25
Pacific Heights,2021-02,22
Pacific Heights,2021-03,19
Pacific Heights,2021-04,28
Pacific Heights,2021-05,31
Pacific Heights,2021-06,32
Pacific Heights,2021-07,14
Pacific Heights,2021-08,30
Pacific Heights,2021-09,23
Pacific Heights,2021-10,31
Pacific Heights,2021-11,25
Pacific Heights,2021-12,37
Pacific Heights,2022-01,22
Pacific Heights,2022-02,27
Pacific Heights,2022-03,30
Pacific Heights,2022-04,36
Pacific Heights,2022-05,19
Pacific Heights,2022-06,22
Pacific Heights,2022-07,21
Pacific Heights,2022-08,23
Pacific Heights,2022-09,32
Pacific Heights,2022-10,27
Pacific Heights,2022-11,26
Pacific Heights,2022-12,21
Portola,2018-01,25
Portola,2018-02,14
Portola,2018-03,25
Portola,2018-04,22
Portola,2018-05,18
Portola,2018-06,17
Portola,2018-07,17
Portola,2018-08,13
Portola,2018-09,13
Portola,2018-10,17
Portola,2018-11,19
Portola,2018-12,21
Portola,2019-01,11
Portola,2019-02,22
Portola,2019-03,17
Portola,2019-04,14
Portola,2019-05,31
Portola,2019-06,21
Portola,2019-07,32
Portola,2019-08,19
Portola,2019-09,24
Portola,2019-10,20
Portola,2019-11,17
Portola,2019-12,12
Portola,2020-01,17
Portola,2020-02,18
Portola,2020-03,17
Portola,2020-04,19
Portola,2020-05,24
Portola,2020-06,25
Portola,2020-07,16
Portola,2020-08,15
Portola,2020-09,18
Portola,2020-10,17
Portola,2020-11,16
Portola,2020-12,36
Portola,2021-01,17
Portola,2021-02,22
Portola,2021-03,19
Portola,2021-04,20
Portola,2021-05,25
Portola,2021-06,21
Portola,2021-07,29
Portola,2021-08,24
Portola,2021-09,36
Portola,2021-10,16
Portola,2021-11,17
Portola,2021-12,18
Portola,2022-01,24
Portola,2022-02,26
Portola,2022-03,16
Portola,2022-04,23
Portola,2022-05,31
Portola,2022-06,15
Portola,2022-07,15
Portola,2022-08,15
Portola,2022-09,18
Portola,2022-10,16
Portola,2022-11,10
Portola,2022-12,15
Potrero Hill,2018-01,27
Potrero Hill,2018-02,25
Potrero Hill,2018-03,33
Potrero Hill,2018-04,30
Potrero Hill,2018-05,38
Potrero Hill,2018-06,21
Potrero Hill,2018-07,28
Potrero Hill,2018-08,30
Potrero Hill,2018-09,29
Potrero Hill,2018-10,31
Potrero Hill,2018-11,34
Potrero Hill,2018-12,31
Potrero Hill,2019-01,15
Potrero Hill,2019-02,27
Potrero Hill,2019-03,19
Potrero Hill,2019-04,35
Potrero Hill,2019-05,46
Potrero Hill,2019-06,26
Potrero Hill,2019-07,26
Potrero Hill,2019-08,22
Potrero Hill,2019-09,21
Potrero Hill,2019-10,24
Potrero Hill,2019-11,28
Potrero Hill,2019-12,34
Potrero Hill,2020-01,19
Potrero Hill,2020-02,26
Potrero Hill,2020-03,30
Potrero Hill,2020-04,23
Potrero Hill,2020-05,29
Potrero Hill,2020-06,33
Potrero Hill,2020-07,49
Potrero Hill,2020-08,48
Potrero Hill,2020-09,31
Potrero Hill,2020-10,32
Potrero Hill,2020-11,39
Potrero Hill,2020-12,31
Potrero Hill,2021-01,31
Potrero Hill,2021-02,33
Potrero Hill,2021-03,34
Potrero Hill,2021-04,20
Potrero Hill,2021-05,24
Potrero Hill,2021-06,24
Potrero Hill,2021-07,31
Potrero Hill,2021-08,47
Potrero Hill,2021-09,27
Potrero Hill,2021-10,32
Potrero Hill,2021-11,32
Potrero Hill,2021-12,30
Potrero Hill,2022-01,40
Potrero Hill,2022-02,16
Potrero Hill,2022-03,25
Potrero Hill,2022-04,41
Potrero Hill,2022-05,29
Potrero Hill,2022-06,23
Potrero Hill,2022-07,31
Potrero Hill,2022-08,39
Potrero Hill,2022-09,33
Potrero Hill,2022-10,28
Potrero Hill,2022-11,34
Potrero Hill,2022-12,28
Presidio,2018-01,2
Presidio,2018-02,5
Presidio,2018-03,6
Presidio,2018-04,1
Presidio,2018-05,1
Presidio,2018-06,9
Presidio,2018-07,6
Presidio,2018-08,6
Presidio,2018-09,1
Presidio,2018-10,2
Presidio,2018-11,7
Presidio,2018-12,7
Presidio,2019-01,3
Presidio,2019-02,9
Presidio,2019-03,5
Presidio,2019-04,3
Presidio,2019-05,5
Presidio,2019-06,3
Presidio,2019-07,4
Presidio,2019-08,2
Presidio,2019-09,5
Presidio,2019-10,4
Presidio,2019-11,3
Presidio,2019-12,8
Presidio,2020-01,4
Presidio,2020-02,1
Presidio,2020-03,2
Presidio,2020-04,2
Presidio,2020-05,1
Presidio,2020-07,4
Presidio,2020-08,2
Presidio,2020-09,2
Presidio,2020-10,2
Presidio,2020-11,4
Presidio,2020-12,6
Presidio,2021-01,4
Presidio,2021-02,3
Presidio,2021-03,6
Presidio,2021-04,4
Presidio,2021-05,2
Presidio,2021-06,6
Presidio,2021-07,2
Presidio,2021-08,2
Presidio,2021-10,2
Presidio,2021-11,3
Presidio,2021-12,1
Presidio,2022-01,2
Presidio,2022-03,1
Presidio,2022-04,2
Presidio,2022-06,1
Presidio,2022-08,2
Presidio,2022-09,2
Presidio,2022-11,1
Presidio,2022-12,2
Presidio Heights,2018-01,8
Presidio Heights,2018-02,12
Presidio Heights,2018-03,11
Presidio Heights,2018-04,10
Presidio Heights,2018-05,14
Presidio Heights,2018-06,16
Presidio Heights,2018-07,11
Presidio Heights,2018-08,10
Presidio Heights,2018-09,11
Presidio Heights,2018-10,13
Presidio Heights,2018-11,15
Presidio Heights,2018-12,10
Presidio Heights,2019-01,12
Presidio Heights,2019-02,9
Presidio Heights,2019-03,13
Presidio Heights,2019-04,9
Presidio Heights,2019-05,7
Presidio Heights,2019-06,3
Presidio Heights,2019-07,5
Presidio Heights,2019-08,9
Presidio Heights,2019-09,10
Presidio Heights,2019-10,13
Presidio Heights,2019-11,11
Presidio Heights,2019-12,9
Presidio Heights,2020-01,13
Presidio Heights,2020-02,8
Presidio Heights,2020-03,11
Presidio Heights,2020-04,7
Presidio Heights,2020-05,18
Presidio Heights,2020-06,18
Presidio Heights,2020-07,12
Presidio Heights,2020-08,7
Presidio Heights,2020-09,13
Presidio Heights,2020-10,17
Presidio Heights,2020-11,11
Presidio Heights,2020-12,13
Presidio Heights,2021-01,11
Presidio Heights,2021-02,3
Presidio Heights,2021-03,9
Presidio Heights,2021-04,15
Presidio Heights,2021-05,9
Presidio Heights,2021-06,11
Presidio Heights,2021-07,9
Presidio Heights,2021-08,8
Presidio Heights,2021-09,15
Presidio Heights,2021-10,6
Presidio Heights,2021-11,13
Presidio Heights,2021-12,6
Presidio Heights,2022-01,7
Presidio Heights,2022-02,12
Presidio Heights,2022-03,12
Presidio Heights,2022-04,14
Presidio Heights,2022-05,13
Presidio Heights,2022-06,8
Presidio Heights,2022-07,10
Presidio Heights,2022-08,7
Presidio Heights,2022-09,11
Presidio Heights,2022-10,10
Presidio Heights,2022-11,5
Presidio Heights,2022-12,14
Russian Hill,2018-01,43
Russian Hill,2018-02,35
Russian Hill,2018-03,42
Russian Hill,2018-04,32
Russian Hill,2018-05,28
Russian Hill,2018-06,36
Russian Hill,2018-07,32
Russian Hill,2018-08,44
Russian Hill,2018-09,28
Russian Hill,2018-10,26
Russian Hill,2018-11,24
Russian Hill,2018-12,38
Russian Hill,2019-01,47
Russian Hill,2019-02,29
Russian Hill,2019-03,32
Russian Hill,2019-04,32
Russian Hill,2019-05,33
Russian Hill,2019-06,38
Russian Hill,2019-07,53
Russian Hill,2019-08,42
Russian Hill,2019-09,23
Russian Hill,2019-10,37
Russian Hill,2019-11,23
Russian Hill,2019-12,29
Russian Hill,2020-01,27
Russian Hill,2020-02,30
Russian Hill,2020-03,29
Russian Hill,2020-04,35
Russian Hill,2020-05,31
Russian Hill,2020-06,32
Russian Hill,2020-07,29
Russian Hill,2020-08,34
Russian Hill,2020-09,26
Russian Hill,2020-10,36
Russian Hill,2020-11,30
Russian Hill,2020-12,38
Russian Hill,2021-01,40
Russian Hill,2021-02,29
Russian Hill,2021-03,36
Russian Hill,2021-04,30
Russian Hill,2021-05,23
Russian Hill,2021-06,32
Russian Hill,2021-07,43
Russian Hill,2021-08,39
Russian Hill,2021-09,28
Russian Hill,2021-10,45
Russian Hill,2021-11,30
Russian Hill,2021-12,40
Russian Hill,2022-01,33
Russian Hill,2022-02,28
Russian Hill,2022-03,35
Russian Hill,2022-04,28
Russian Hill,2022-05,25
Russian Hill,2022-06,35
Russian Hill,2022-07,29
Russian Hill,2022-08,17
Russian Hill,2022-09,39
Russian Hill,2022-10,31
Russian Hill,2022-11,34
Russian Hill,2022-12,36
Seacliff,2018-01,1
Seacliff,2018-02,2
Seacliff,2018-03,1
Seacliff,2018-04,1
Seacliff,2018-05,3
Seacliff,2018-06,6
Seacliff,2018-07,2
Seacliff,2018-08,2
Seacliff,2018-10,4
Seacliff,2018-11,1
Seacliff,2018-12,2
Seacliff,2019-02,4
Seacliff,2019-03,2
Seacliff,2019-05,5
Seacliff,2019-06,2
Seacliff,2019-07,1
Seacliff,2019-08,2
Seacliff,2019-09,3
Seacliff,2019-10,1
Seacliff,2019-11,4
Seacliff,2019-12,2
Seacliff,2020-01,1
Seacliff,2020-03,5
Seacliff,2020-04,1
Seacliff,2020-05,3
Seacliff,2020-06,1
Seacliff,2020-07,3
Seacliff,2020-08,5
Seacliff,2020-09,1
Seacliff,2020-10,1
Seacliff,2020-11,3
Seacliff,2020-12,1
Seacliff,2021-02,4
Seacliff,2021-03,5
Seacliff,2021-04,5
Seacliff,2021-05,3
Seacliff,2021-06,2
Seacliff,2021-08,5
Seacliff,2021-09,1
Seacliff,2021-10,5
Seacliff,2021-11,5
Seacliff,2021-12,4
Seacliff,2022-01,2
Seacliff,2022-02,2
Seacliff,2022-05,2
Seacliff,2022-06,3
Seacliff,2022-08,1
Seacliff,2022-09,1
Seacliff,2022-11,2
Seacliff,2022-12,1
South of Market,2018-01,144
South of Market,2018-02,164
South of Market,2018-03,155
South of Market,2018-04,151
South of Market,2018-05,147
South of Market,2018-06,136
South of Market,2018-07,154
South of Market,2018-08,155
South of Market,2018-09,157
South of Market,2018-10,164
South of Market,2018-11,154
South of Market,2018-12,162
South of Market,2019-01,155
South of Market,2019-02,149
South of Market,2019-03,154
South of Market,2019-04,179
South of Market,2019-05,177
South of Market,2019-06,152
South of Market,2019-07,201
South of Market,2019-08,191
South of Market,2019-09,164
South of Market,2019-10,182
South of Market,2019-11,167
South of Market,2019-12,139
South of Market,2020-01,172
South of Market,2020-02,143
South of Market,2020-03,152
South of Market,2020-04,114
South of Market,2020-05,128
South of Market,2020-06,127
South of Market,2020-07,130
South of Market,2020-08,133
South of Market,2020-09,106
South of Market,2020-10,124
South of Market,2020-11,146
South of Market,2020-12,144
South of Market,2021-01,123
South of Market,2021-02,113
South of Market,2021-03,125
South of Market,2021-04,147
South of Market,2021-05,101
South of Market,2021-06,154
South of Market,2021-07,127
South of Market,2021-08,176
South of Market,2021-09,167
South of Market,2021-10,128
South of Market,2021-11,147
South of Market,2021-12,99
South of Market,2022-01,116
South of Market,2022-02,124
South of Market,2022-03,145
South of Market,2022-04,161
South of Market,2022-05,135
South of Market,2022-06,139
South of Market,2022-07,170
South of Market,2022-08,183
South of Market,2022-09,192
South of Market,2022-10,164
South of Market,2022-11,135
South of Market,2022-12,143
Sunset/Parkside,2018-01,64
Sunset/Parkside,2018-02,86
Sunset/Parkside,2018-03,72
Sunset/Parkside,2018-04,83
Sunset/Parkside,2018-05,79
Sunset/Parkside,2018-06,69
Sunset/Parkside,2018-07,81
Sunset/Parkside,2018-08,76
Sunset/Parkside,2018-09,59
Sunset/Parkside,2018-10,75
Sunset/Parkside,2018-11,62
Sunset/Parkside,2018-12,67
Sunset/Parkside,2019-01,61
Sunset/Parkside,2019-02,83
Sunset/Parkside,2019-03,57
Sunset/Parkside,2019-04,54
Sunset/Parkside,2019-05,59
Sunset/Parkside,2019-06,54
Sunset/Parkside,2019-07,64
Sunset/Parkside,2019-08,58
Sunset/Parkside,2019-09,61
Sunset/Parkside,2019-10,86
Sunset/Parkside,2019-11,62
Sunset/Parkside,2019-12,65
Sunset/Parkside,2020-01,73
Sunset/Parkside,2020-02,62
Sunset/Parkside,2020-03,59
Sunset/Parkside,2020-04,44
Sunset/Parkside,2020-05,46
Sunset/Parkside,2020-06,60
Sunset/Parkside,2020-07,61
Sunset/Parkside,2020-08,70
Sunset/Parkside,2020-09,64
Sunset/Parkside,2020-10,71
Sunset/Parkside,2020-11,75
Sunset/Parkside,2020-12,63
Sunset/Parkside,2021-01,87
Sunset/Parkside,2021-02,43
Sunset/Parkside,2021-03,53
Sunset/Parkside,2021-04,49
Sunset/Parkside,2021-05,46
Sunset/Parkside,2021-06,52
Sunset/Parkside,2021-07,54
Sunset/Parkside,2021-08,70
Sunset/Parkside,2021-09,92
Sunset/Parkside,2021-10,47
Sunset/Parkside,2021-11,82
Sunset/Parkside,2021-12,53
Sunset/Parkside,2022-01,64
Sunset/Parkside,2022-02,52
Sunset/Parkside,2022-03,46
Sunset/Parkside,2022-04,71
Sunset/Parkside,2022-05,63
Sunset/Parkside,2022-06,74
Sunset/Parkside,2022-07,80
Sunset/Parkside,2022-08,68
Sunset/Parkside,2022-09,57
Sunset/Parkside,2022-10,58
Sunset/Parkside,2022-11,48
Sunset/Parkside,2022-12,40
Tenderloin,2018-01,164
Tenderloin,2018-02,206
Tenderloin,2018-03,168
Tenderloin,2018-04,188
Tenderloin,2018-05,209
Tenderloin,2018-06,152
Tenderloin,2018-07,183
Tenderloin,2018-08,200
Tenderloin,2018-09,166
Tenderloin,2018-10,225
Tenderloin,2018-11,221
Tenderloin,2018-12,166
Tenderloin,2019-01,230
Tenderloin,2019-02,170
Tenderloin,2019-03,197
Tenderloin,2019-04,186
Tenderloin,2019-05,237
Tenderloin,2019-06,217
Tenderloin,2019-07,170
Tenderloin,2019-08,158
Tenderloin,2019-09,199
Tenderloin,2019-10,180
Tenderloin,2019-11,170
Tenderloin,2019-12,158
Tenderloin,2020-01,160
Tenderloin,2020-02,191
Tenderloin,2020-03,153
Tenderloin,2020-04,138
Tenderloin,2020-05,207
Tenderloin,2020-06,223
Tenderloin,2020-07,206
Tenderloin,2020-08,165
Tenderloin,2020-09,199
Tenderloin,2020-10,205
Tenderloin,2020-11,155
Tenderloin,2020-12,195
Tenderloin,2021-01,165
Tenderloin,2021-02,156
Tenderloin,2021-03,137
Tenderloin,2021-04,202
Tenderloin,2021-05,145
Tenderloin,2021-06,186
Tenderloin,2021-07,207
Tenderloin,2021-08,195
Tenderloin,2021-09,167
Tenderloin,2021-10,171
Tenderloin,2021-11,123
Tenderloin,2021-12,181
Tenderloin,2022-01,191
Tenderloin,2022-02,118
Tenderloin,2022-03,189
Tenderloin,2022-04,173
Tenderloin,2022-05,166
Tenderloin,2022-06,186
Tenderloin,2022-07,256
Tenderloin,2022-08,236
Tenderloin,2022-09,239
Tenderloin,2022-10,232
Tenderloin,2022-11,209
Tenderloin,2022-12,210
Treasure Island,2018-01,1
Treasure Island,2018-02,8
Treasure Island,2018-03,6
Treasure Island,2018-04,11
Treasure Island,2018-05,6
Treasure Island,2018-06,2
Treasure Island,2018-07,12
Treasure Island,2018-08,7
Treasure Island,2018-09,4
Treasure Island,2018-10,16
Treasure Island,2018-11,6
Treasure Island,2018-12,9
Treasure Island,2019-01,8
Treasure Island,2019-02,5
Treasure Island,2019-03,1
Treasure Island,2019-04,9
Treasure Island,2019-05,6
Treasure Island,2019-06,12
Treasure Island,2019-07,9
Treasure Island,2019-08,4
Treasure Island,2019-09,11
Treasure Island,2019-10,7
Treasure Island,2019-11,7
Treasure Island,2019-12,7
Treasure Island,2020-01,9
Treasure Island,2020-02,3
Treasure Island,2020-03,5
Treasure Island,2020-04,2
Treasure Island,2020-05,8
Treasure Island,2020-06,11
Treasure Island,2020-07,12
Treasure Island,2020-08,8
Treasure Island,2020-09,6
Treasure Island,2020-10,5
Treasure Island,2020-11,5
Treasure Island,2020-12,14
Treasure Island,2021-01,13
Treasure Island,2021-02,9
Treasure Island,2021-03,7
Treasure Island,2021-04,19
Treasure Island,2021-05,9
Treasure Island,2021-06,15
Treasure Island,2021-07,5
Treasure Island,2021-08,14
Treasure Island,2021-09,8
Treasure Island,2021-10,10
Treasure Island,2021-11,4
Treasure Island,2021-12,9
Treasure Island,2022-01,3
Treasure Island,2022-02,9
Treasure Island,2022-03,7
Treasure Island,2022-04,10
Treasure Island,2022-05,26
Treasure Island,2022-06,13
Treasure Island,2022-07,9
Treasure Island,2022-08,10
Treasure Island,2022-09,12
Treasure Island,2022-10,10
Treasure Island,2022-11,6
Treasure Island,2022-12,6
Twin Peaks,2018-01,11
Twin Peaks,2018-02,3
Twin Peaks,2018-03,9
Twin Peaks,2018-04,4
Twin Peaks,2018-05,6
Twin Peaks,2018-06,5
Twin Peaks,2018-07,6
Twin Peaks,2018-08,10
Twin Peaks,2018-09,6
Twin Peaks,2018-10,15
Twin Peaks,2018-11,11
Twin Peaks,2018-12,11
Twin Peaks,2019-01,7
Twin Peaks,2019-02,9
Twin Peaks,2019-03,2
Twin Peaks,2019-04,7
Twin Peaks,2019-05,3
Twin Peaks,2019-06,8
Twin Peaks,2019-07,5
Twin Peaks,2019-08,15
Twin Peaks,2019-09,14
Twin Peaks,2019-10,6
Twin Peaks,2019-11,7
Twin Peaks,2019-12,11
Twin Peaks,2020-01,8
Twin Peaks,2020-02,5
Twin Peaks,2020-03,8
Twin Peaks,2020-04,1
Twin Peaks,2020-05,10
Twin Peaks,2020-06,8
Twin Peaks,2020-07,6
Twin Peaks,2020-08,6
Twin Peaks,2020-09,6
Twin Peaks,2020-10,6
Twin Peaks,2020-11,8
Twin Peaks,2020-12,5
Twin Peaks,2021-01,10
Twin Peaks,2021-02,6
Twin Peaks,2021-03,5
Twin Peaks,2021-04,3
Twin Peaks,2021-05,5
Twin Peaks,2021-06,7
Twin Peaks,2021-07,6
Twin Peaks,2021-08,1
Twin Peaks,2021-09,8
Twin Peaks,2021-10,5
Twin Peaks,2021-11,5
Twin Peaks,2021-12,3
Twin Peaks,2022-01,12
Twin Peaks,2022-02,3
Twin Peaks,2022-03,3
Twin Peaks,2022-04,6
Twin Peaks,2022-05,10
Twin Peaks,2022-06,7
Twin Peaks,2022-07,7
Twin Peaks,2022-08,8
Twin Peaks,2022-09,10
Twin Peaks,2022-10,9
Twin Peaks,2022-11,12
Twin Peaks,2022-12,3
Visitacion Valley,2018-01,31
Visitacion Valley,2018-02,31
Visitacion Valley,2018-03,39
Visitacion Valley,2018-04,37
Visitacion Valley,2018-05,31
Visitacion Valley,2018-06,37
Visitacion Valley,2018-07,26
Visitacion Valley,2018-08,21
Visitacion Valley,2018-09,28
Visitacion Valley,2018-10,29
Visitacion Valley,2018-11,34
Visitacion Valley,2018-12,31
Visitacion Valley,2019-01,36
Visitacion Valley,2019-02,37
Visitacion Valley,2019-03,38
Visitacion Valley,2019-04,22
Visitacion Valley,2019-05,17
Visitacion Valley,2019-06,20
Visitacion Valley,2019-07,16
Visitacion Valley,2019-08,30
Visitacion Valley,2019-09,35
Visitacion Valley,2019-10,39
Visitacion Valley,2019-11,23
Visitacion Valley,2019-12,24
Visitacion Valley,2020-01,28
Visitacion Valley,2020-02,27
Visitacion Valley,2020-03,25
Visitacion Valley,2020-04,15
Visitacion Valley,2020-05,27
Visitacion Valley,2020-06,18
Visitacion Valley,2020-07,30
Visitacion Valley,2020-08,20
Visitacion Valley,2020-09,32
Visitacion Valley,2020-10,36
Visitacion Valley,2020-11,24
Visitacion Valley,2020-12,24
Visitacion Valley,2021-01,23
Visitacion Valley,2021-02,26
Visitacion Valley,2021-03,21
Visitacion Valley,2021-04,21
Visitacion Valley,2021-05,25
Visitacion Valley,2021-06,22
Visitacion Valley,2021-07,29
Visitacion Valley,2021-08,28
Visitacion Valley,2021-09,25
Visitacion Valley,2021-10,22
Visitacion Valley,2021-11,24
Visitacion Valley,2021-12,6
Visitacion Valley,2022-01,10
Visitacion Valley,2022-02,9
Visitacion Valley,2022-03,14
Visitacion Valley,2022-04,25
Visitacion Valley,2022-05,17
Visitacion Valley,2022-06,19
Visitacion Valley,2022-07,18
Visitacion Valley,2022-08,20
Visitacion Valley,2022-09,15
Visitacion Valley,2022-10,26
Visitacion Valley,2022-11,18
Visitacion Valley,2022-12,24
West of Twin Peaks,2018-01,51
West of Twin Peaks,2018-02,38
West of Twin Peaks,2018-03,37
West of Twin Peaks,2018-04,54
West of Twin Peaks,2018-05,32
West of Twin Peaks,2018-06,35
West of Twin Peaks,2018-07,41
West of Twin Peaks,2018-08,46
West of Twin Peaks,2018-09,45
West of Twin Peaks,2018-10,51
West of Twin Peaks,2018-11,39
West of Twin Peaks,2018-12,31
West of Twin Peaks,2019-01,40
West of Twin Peaks,2019-02,46
West of Twin Peaks,2019-03,36
West of Twin Peaks,2019-04,33
West of Twin Peaks,2019-05,43
West of Twin Peaks,2019-06,43
West of Twin Peaks,2019-07,32
West of Twin Peaks,2019-08,43
West of Twin Peaks,2019-09,41
West of Twin Peaks,2019-10,43
West of Twin Peaks,2019-11,26
West of Twin Peaks,2019-12,43
West of Twin Peaks,2020-01,44
West of Twin Peaks,2020-02,48
West of Twin Peaks,2020-03,40
West of Twin Peaks,2020-04,33
West of Twin Peaks,2020-05,40
West of Twin Peaks,2020-06,32
West of Twin Peaks,2020-07,28
West of Twin Peaks,2020-08,36
West of Twin Peaks,2020-09,27
West of Twin Peaks,2020-10,42
West of Twin Peaks,2020-11,41
West of Twin Peaks,2020-12,29
West of Twin Peaks,2021-01,23
West of Twin Peaks,2021-02,50
West of Twin Peaks,2021-03,27
West of Twin Peaks,2021-04,29
West of Twin Peaks,2021-05,42
West of Twin Peaks,2021-06,47
West of Twin Peaks,2021-07,38
West of Twin Peaks,2021-08,34
West of Twin Peaks,2021-09,32
West of Twin Peaks,2021-10,48
West of Twin Peaks,2021-11,36
West of Twin Peaks,2021-12,52
West of Twin Peaks,2022-01,44
West of Twin Peaks,2022-02,37
West of Twin Peaks,2022-03,39
West of Twin Peaks,2022-04,29
West of Twin Peaks,2022-05,38
West of Twin Peaks,2022-06,51
West of Twin Peaks,2022-07,50
West of Twin Peaks,2022-08,30
West of Twin Peaks,2022-09,32
West of Twin Peaks,2022-10,40
West of Twin Peaks,2022-11,30
West of Twin Peaks,2022-12,27
Western Addition,2018-01,52
Western Addition,2018-02,49
Western Addition,2018-03,57
Western Addition,2018-04,58
Western Addition,2018-05,56
Western Addition,2018-06,51
Western Addition,2018-07,39
Western Addition,2018-08,60
Western Addition,2018-09,53
Western Addition,2018-10,64
Western Addition,2018-11,34
Western Addition,2018-12,55
Western Addition,2019-01,72
Western Addition,2019-02,39
Western Addition,2019-03,47
Western Addition,2019-04,47
Western Addition,2019-05,45
Western Addition,2019-06,68
Western Addition,2019-07,61
Western Addition,2019-08,66
Western Addition,2019-09,67
Western Addition,2019-10,54
Western Addition,2019-11,68
Western Addition,2019-12,63
Western Addition,2020-01,52
Western Addition,2020-02,70
Western Addition,2020-03,50
Western Addition,2020-04,63
Western Addition,2020-05,46
Western Addition,2020-06,60
Western Addition,2020-07,59
Western Addition,2020-08,50
Western Addition,2020-09,54
Western Addition,2020-10,41
Western Addition,2020-11,46
Western Addition,2020-12,40
Western Addition,2021-01,51
Western Addition,2021-02,41
Western Addition,2021-03,67
Western Addition,2021-04,50
Western Addition,2021-05,49
Western Addition,2021-06,57
Western Addition,2021-07,62
Western Addition,2021-08,46
Western Addition,2021-09,59
Western Addition,2021-10,58
Western Addition,2021-11,39
Western Addition,2021-12,33
Western Addition,2022-01,53
Western Addition,2022-02,62
Western Addition,2022-03,60
Western Addition,2022-04,68
Western Addition,2022-05,61
Western Addition,2022-06,65
Western Addition,2022-07,54
Western Addition,2022-08,64
Western Addition,2022-09,59
Western Addition,2022-10,65
Western Addition,2022-11,52
Western Addition,2022-12,52
